meter_id,date,ac_kwh,heating_kwh,washer_kwh,dryer_kwh,ev_kwh,peak_kwh,offpeak_kwh
M001,2026-01-01,0.97,8.05,0.0,0.0,0.0,10.87,23.16
M002,2026-01-01,0.99,8.3,0.0,0.0,0.0,12.1,20.86
M003,2026-01-01,0.68,5.71,0.0,0.0,0.0,7.57,13.14
M004,2026-01-01,0.69,7.17,0.81,0.0,4.68,10.95,13.63
M005,2026-01-01,1.16,6.48,1.16,1.78,0.0,9.15,14.78
M006,2026-01-01,1.55,10.79,1.13,0.0,0.0,15.48,20.76
M007,2026-01-01,0.7,4.56,0.0,0.0,0.0,8.8,12.08
M008,2026-01-01,0.65,4.66,1.08,1.14,0.0,9.04,10.74
M009,2026-01-01,1.36,7.19,1.12,1.62,0.0,12.49,13.71
M010,2026-01-01,1.13,7.57,1.29,0.0,0.0,14.09,18.85
M011,2026-01-01,1.03,6.21,0.0,0.0,0.0,11.95,14.42
M012,2026-01-01,1.32,6.64,0.0,0.0,5.55,12.88,13.71
M013,2026-01-01,0.78,6.97,0.88,0.0,0.0,9.03,16.46
M014,2026-01-01,1.0,5.82,0.0,0.0,0.0,7.96,11.6
M015,2026-01-01,1.49,11.89,0.0,0.0,0.0,19.33,23.96
M001,2026-01-02,1.85,8.87,0.0,0.0,0.0,10.71,26.98
M002,2026-01-02,1.15,8.98,0.64,1.43,0.0,11.9,20.83
M003,2026-01-02,0.73,4.3,1.29,1.25,0.0,6.6,13.87
M004,2026-01-02,0.77,6.64,0.0,0.0,0.0,8.85,16.83
M005,2026-01-02,0.96,6.43,0.0,0.0,5.12,10.51,13.74
M006,2026-01-02,1.5,7.52,0.0,0.0,6.25,13.3,19.56
M007,2026-01-02,0.77,5.73,0.0,0.0,0.0,10.93,13.83
M008,2026-01-02,0.55,5.11,0.0,0.0,7.3,8.79,9.87
M009,2026-01-02,1.09,5.71,0.0,0.0,5.86,10.19,14.62
M010,2026-01-02,1.84,8.86,0.0,0.0,0.0,16.47,22.42
M011,2026-01-02,1.03,6.31,0.59,1.27,4.24,10.52,12.16
M012,2026-01-02,0.97,6.0,0.0,0.0,5.22,9.34,15.98
M013,2026-01-02,0.91,9.67,1.37,1.68,0.0,13.35,17.65
M014,2026-01-02,0.65,3.72,0.0,0.0,4.33,6.79,10.57
M015,2026-01-02,1.6,12.93,1.0,1.12,0.0,15.52,26.51
M001,2026-01-03,1.37,9.52,0.0,0.0,0.0,11.51,21.81
M002,2026-01-03,1.03,10.02,0.0,0.0,0.0,11.51,21.04
M003,2026-01-03,0.89,5.85,0.72,1.5,0.0,9.72,16.81
M004,2026-01-03,1.12,5.11,0.71,1.54,0.0,9.19,13.11
M005,2026-01-03,0.91,7.81,1.4,0.0,0.0,12.99,17.55
M006,2026-01-03,1.84,11.21,0.0,0.0,0.0,12.94,24.51
M007,2026-01-03,1.13,8.2,0.51,1.24,0.0,8.85,17.55
M008,2026-01-03,0.55,3.95,0.75,1.57,0.0,6.96,11.06
M009,2026-01-03,1.0,7.57,0.58,1.22,0.0,9.17,15.89
M010,2026-01-03,1.27,10.55,0.88,0.0,0.0,13.12,23.9
M011,2026-01-03,1.08,7.75,0.63,0.0,0.0,9.4,16.89
M012,2026-01-03,1.39,8.61,0.0,0.0,0.0,13.78,14.77
M013,2026-01-03,1.65,8.39,0.64,1.69,7.05,12.45,21.07
M014,2026-01-03,0.73,3.89,1.22,1.65,0.0,6.27,9.78
M015,2026-01-03,1.8,10.91,0.0,0.0,0.0,16.34,20.35
M001,2026-01-04,1.42,6.98,0.0,0.0,0.0,11.2,18.93
M002,2026-01-04,1.67,7.74,0.86,1.43,3.58,9.72,22.95
M003,2026-01-04,1.13,5.2,0.0,0.0,0.0,7.61,14.46
M004,2026-01-04,0.88,5.39,0.0,0.0,0.0,8.7,11.94
M005,2026-01-04,0.84,9.16,0.0,0.0,0.0,10.65,19.45
M006,2026-01-04,1.26,7.4,0.8,0.0,0.0,12.47,21.92
M007,2026-01-04,0.81,5.72,0.0,0.0,0.0,10.43,12.4
M008,2026-01-04,1.02,5.61,1.05,0.0,0.0,9.71,10.45
M009,2026-01-04,0.97,6.79,0.92,1.17,0.0,8.76,16.53
M010,2026-01-04,1.25,8.46,0.0,0.0,0.0,17.05,21.99
M011,2026-01-04,1.18,7.11,0.0,0.0,0.0,12.5,13.08
M012,2026-01-04,0.92,6.94,0.0,0.0,0.0,9.45,13.98
M013,2026-01-04,1.21,7.03,0.0,0.0,0.0,13.62,13.48
M014,2026-01-04,0.98,4.62,0.0,0.0,0.0,7.71,13.4
M015,2026-01-04,1.26,10.06,0.91,1.53,5.98,16.0,27.0
M001,2026-01-05,1.58,10.46,0.0,0.0,0.0,12.53,24.44
M002,2026-01-05,1.51,8.5,0.0,0.0,0.0,11.47,21.54
M003,2026-01-05,1.11,7.47,0.0,0.0,0.0,11.24,16.11
M004,2026-01-05,0.72,5.36,0.0,0.0,0.0,7.21,13.09
M005,2026-01-05,0.89,7.53,0.0,0.0,0.0,13.05,17.03
M006,2026-01-05,1.56,8.46,1.27,1.3,0.0,13.15,18.32
M007,2026-01-05,1.3,8.24,0.0,0.0,0.0,10.58,16.26
M008,2026-01-05,0.72,4.97,0.0,0.0,0.0,9.28,12.24
M009,2026-01-05,1.1,6.57,0.0,0.0,0.0,11.32,17.84
M010,2026-01-05,1.1,7.81,0.0,0.0,0.0,13.66,15.61
M011,2026-01-05,0.66,5.6,0.0,0.0,0.0,8.56,14.07
M012,2026-01-05,1.14,7.27,0.0,0.0,0.0,12.22,12.46
M013,2026-01-05,1.61,7.55,1.2,1.6,4.0,15.45,15.43
M014,2026-01-05,0.53,4.7,0.7,1.61,0.0,7.08,9.86
M015,2026-01-05,1.43,13.64,0.6,0.0,0.0,19.21,27.32
M001,2026-01-06,1.42,10.66,0.0,0.0,0.0,12.34,25.4
M002,2026-01-06,1.15,7.33,0.61,1.63,0.0,9.37,15.37
M003,2026-01-06,0.96,5.8,1.24,0.0,6.18,7.85,15.95
M004,2026-01-06,0.91,6.76,0.74,1.43,0.0,9.37,14.4
M005,2026-01-06,1.04,9.0,0.58,1.2,0.0,11.33,19.0
M006,2026-01-06,0.89,9.19,0.0,0.0,0.0,10.87,20.12
M007,2026-01-06,1.14,6.51,0.0,0.0,0.0,7.74,15.45
M008,2026-01-06,0.8,4.57,1.12,1.39,0.0,8.25,9.4
M009,2026-01-06,1.1,5.91,0.93,1.34,0.0,10.64,14.0
M010,2026-01-06,1.31,8.86,0.0,0.0,0.0,17.76,20.1
M011,2026-01-06,1.08,5.28,0.0,0.0,0.0,8.92,14.33
M012,2026-01-06,1.23,7.18,0.0,0.0,0.0,14.02,16.21
M013,2026-01-06,0.76,7.1,0.0,0.0,5.77,10.75,16.19
M014,2026-01-06,0.82,4.34,1.02,1.35,0.0,8.4,8.36
M015,2026-01-06,1.95,14.53,0.0,0.0,0.0,20.79,28.71
M001,2026-01-07,0.86,7.25,0.0,0.0,3.59,8.33,18.86
M002,2026-01-07,1.41,6.94,0.0,0.0,0.0,11.29,18.7
M003,2026-01-07,1.46,6.76,1.05,1.76,0.0,11.91,16.29
M004,2026-01-07,0.74,5.29,0.0,0.0,0.0,9.17,14.23
M005,2026-01-07,1.01,6.72,1.13,1.55,6.94,10.75,18.2
M006,2026-01-07,1.73,8.65,0.0,0.0,0.0,11.46,22.82
M007,2026-01-07,0.82,6.19,0.0,0.0,0.0,10.74,16.75
M008,2026-01-07,0.59,5.36,1.35,1.4,0.0,9.12,10.05
M009,2026-01-07,0.95,6.25,0.0,0.0,7.18,10.56,16.16
M010,2026-01-07,2.13,11.4,0.0,0.0,0.0,15.32,25.69
M011,2026-01-07,0.99,6.89,0.0,0.0,0.0,9.02,13.69
M012,2026-01-07,0.78,6.28,0.0,0.0,0.0,9.5,16.22
M013,2026-01-07,1.28,6.8,1.23,1.36,0.0,13.0,15.58
M014,2026-01-07,0.85,5.92,1.09,1.33,0.0,10.3,12.34
M015,2026-01-07,2.01,13.39,0.0,0.0,0.0,17.51,29.15
M001,2026-01-08,1.42,6.99,1.05,0.0,0.0,10.72,20.96
M002,2026-01-08,0.89,9.16,0.92,0.0,0.0,10.83,18.59
M003,2026-01-08,1.08,6.36,1.38,0.0,0.0,10.67,16.24
M004,2026-01-08,1.02,7.63,0.75,1.33,5.54,8.57,16.91
M005,2026-01-08,0.91,6.94,0.94,0.0,0.0,10.67,15.14
M006,2026-01-08,1.35,8.43,0.0,0.0,0.0,12.08,20.93
M007,2026-01-08,0.85,7.29,0.0,0.0,0.0,9.34,15.9
M008,2026-01-08,0.86,6.39,1.38,1.03,0.0,9.07,14.01
M009,2026-01-08,1.52,7.88,0.0,0.0,0.0,11.58,19.46
M010,2026-01-08,1.49,7.65,0.0,0.0,4.69,13.08,21.06
M011,2026-01-08,1.17,7.18,0.84,0.0,0.0,9.16,15.03
M012,2026-01-08,0.84,6.29,1.33,1.6,0.0,14.14,15.12
M013,2026-01-08,1.56,8.11,1.31,0.0,0.0,14.67,17.25
M014,2026-01-08,0.58,4.87,1.21,0.0,0.0,7.0,11.49
M015,2026-01-08,1.51,13.5,0.0,0.0,0.0,21.23,23.33
M001,2026-01-09,0.83,8.62,1.11,0.0,0.0,10.91,18.64
M002,2026-01-09,1.29,7.51,0.0,0.0,0.0,12.31,17.48
M003,2026-01-09,0.95,5.57,1.02,1.24,6.29,9.87,14.05
M004,2026-01-09,1.01,6.47,0.0,0.0,0.0,8.72,13.93
M005,2026-01-09,1.12,9.33,0.82,1.5,0.0,11.44,20.63
M006,2026-01-09,1.65,9.36,1.08,0.0,0.0,13.14,21.12
M007,2026-01-09,0.8,6.36,0.66,0.0,0.0,8.81,17.85
M008,2026-01-09,1.05,6.18,0.0,0.0,0.0,8.59,12.39
M009,2026-01-09,1.4,7.4,0.0,0.0,3.7,10.23,20.18
M010,2026-01-09,1.81,12.35,1.22,1.63,0.0,16.2,23.65
M011,2026-01-09,1.0,6.28,1.24,1.09,0.0,11.04,11.54
M012,2026-01-09,1.22,8.9,0.0,0.0,0.0,11.0,18.37
M013,2026-01-09,1.23,8.75,0.0,0.0,4.52,15.01,19.93
M014,2026-01-09,0.82,3.68,0.0,0.0,0.0,6.58,9.97
M015,2026-01-09,1.89,14.14,0.0,0.0,0.0,24.77,24.81
M001,2026-01-10,1.22,9.91,0.0,0.0,0.0,11.44,20.84
M002,2026-01-10,1.63,7.33,0.99,1.29,0.0,13.91,19.65
M003,2026-01-10,1.04,5.5,1.08,1.02,0.0,9.0,12.56
M004,2026-01-10,0.8,4.12,0.69,0.0,4.64,8.37,10.77
M005,2026-01-10,0.9,9.52,0.0,0.0,0.0,13.69,18.35
M006,2026-01-10,1.25,6.03,0.0,0.0,0.0,12.44,16.16
M007,2026-01-10,0.74,4.92,0.97,1.38,0.0,9.19,13.85
M008,2026-01-10,0.71,5.46,0.0,0.0,0.0,6.27,11.56
M009,2026-01-10,1.08,8.51,0.0,0.0,0.0,11.63,15.97
M010,2026-01-10,1.5,11.39,0.0,0.0,0.0,14.9,22.74
M011,2026-01-10,0.67,5.3,0.0,0.0,0.0,6.65,12.71
M012,2026-01-10,1.01,7.07,0.0,0.0,0.0,9.65,16.43
M013,2026-01-10,1.49,9.08,0.0,0.0,0.0,15.06,17.04
M014,2026-01-10,0.71,4.58,0.0,0.0,0.0,7.46,10.78
M015,2026-01-10,1.29,12.4,0.0,0.0,0.0,20.42,20.37
M001,2026-01-11,1.27,8.1,1.03,1.26,0.0,10.19,17.5
M002,2026-01-11,1.41,9.13,1.37,1.28,0.0,12.58,18.02
M003,2026-01-11,0.88,5.78,0.83,1.46,0.0,8.63,17.74
M004,2026-01-11,1.23,7.04,0.52,1.66,0.0,11.2,14.7
M005,2026-01-11,1.06,7.31,0.0,0.0,5.83,12.16,17.88
M006,2026-01-11,1.22,5.96,0.69,1.27,0.0,10.22,18.0
M007,2026-01-11,1.13,5.87,0.0,0.0,0.0,10.37,16.68
M008,2026-01-11,0.76,6.1,0.0,0.0,0.0,9.71,12.34
M009,2026-01-11,0.92,7.56,0.0,0.0,0.0,12.21,17.69
M010,2026-01-11,1.09,9.32,0.51,0.0,0.0,17.44,19.96
M011,2026-01-11,0.75,4.37,0.66,1.56,0.0,7.69,13.24
M012,2026-01-11,0.85,8.52,0.0,0.0,0.0,10.31,18.33
M013,2026-01-11,1.44,9.21,0.88,0.0,0.0,15.65,18.77
M014,2026-01-11,0.92,6.32,0.58,1.19,0.0,9.24,12.22
M015,2026-01-11,1.46,10.0,0.0,0.0,0.0,18.01,23.11
M001,2026-01-12,1.12,8.43,0.0,0.0,0.0,8.32,19.58
M002,2026-01-12,1.08,7.18,0.0,0.0,0.0,10.58,21.58
M003,2026-01-12,0.85,7.6,0.0,0.0,0.0,8.96,17.4
M004,2026-01-12,1.09,5.79,1.06,1.5,0.0,9.75,11.96
M005,2026-01-12,0.97,6.49,0.0,0.0,0.0,11.47,15.95
M006,2026-01-12,0.93,9.38,0.0,0.0,7.28,12.04,19.8
M007,2026-01-12,0.96,6.55,1.31,1.65,0.0,10.55,14.11
M008,2026-01-12,0.65,4.41,0.0,0.0,4.72,7.7,12.87
M009,2026-01-12,0.88,6.41,0.0,0.0,0.0,11.06,16.37
M010,2026-01-12,1.14,7.35,0.0,0.0,0.0,12.3,18.65
M011,2026-01-12,1.1,5.44,0.0,0.0,0.0,11.4,13.94
M012,2026-01-12,1.22,8.43,0.8,1.11,0.0,9.84,18.04
M013,2026-01-12,1.22,8.81,0.78,1.63,0.0,13.15,19.48
M014,2026-01-12,0.99,6.05,0.0,0.0,0.0,9.64,12.01
M015,2026-01-12,1.49,9.21,0.0,0.0,5.43,19.51,21.09
M001,2026-01-13,0.84,8.33,0.0,0.0,0.0,8.33,19.84
M002,2026-01-13,0.95,7.99,0.62,1.13,0.0,10.76,22.11
M003,2026-01-13,0.89,7.03,0.0,0.0,0.0,11.61,16.13
M004,2026-01-13,0.76,6.2,0.0,0.0,0.0,8.96,12.72
M005,2026-01-13,1.22,9.17,0.0,0.0,7.92,12.31,18.8
M006,2026-01-13,1.11,7.85,1.24,1.11,0.0,11.17,18.68
M007,2026-01-13,1.15,6.1,1.27,0.0,0.0,12.14,15.77
M008,2026-01-13,0.75,6.03,0.7,1.28,0.0,11.26,12.52
M009,2026-01-13,0.92,8.54,0.0,0.0,0.0,9.37,18.04
M010,2026-01-13,1.73,11.49,0.0,0.0,0.0,14.35,25.24
M011,2026-01-13,0.77,6.91,0.0,0.0,0.0,11.81,12.76
M012,2026-01-13,1.13,6.24,0.97,0.0,0.0,10.66,12.87
M013,2026-01-13,0.97,7.41,0.0,0.0,0.0,9.37,16.12
M014,2026-01-13,0.57,5.24,0.0,0.0,0.0,8.91,11.12
M015,2026-01-13,1.5,11.18,0.58,1.05,0.0,19.5,24.99
M001,2026-01-14,1.57,9.47,0.0,0.0,0.0,10.43,27.67
M002,2026-01-14,0.75,7.63,0.0,0.0,0.0,9.18,17.14
M003,2026-01-14,1.25,6.65,0.0,0.0,0.0,9.1,18.3
M004,2026-01-14,0.91,5.01,1.07,1.05,0.0,7.63,11.9
M005,2026-01-14,0.75,5.93,0.0,0.0,5.58,8.21,17.71
M006,2026-01-14,1.12,9.42,0.0,0.0,0.0,11.63,21.27
M007,2026-01-14,1.0,6.15,0.0,0.0,6.72,9.52,18.32
M008,2026-01-14,1.02,5.17,0.0,0.0,5.6,7.19,12.71
M009,2026-01-14,0.89,8.02,0.99,0.0,0.0,11.33,18.3
M010,2026-01-14,1.39,8.28,0.82,0.0,4.76,11.07,21.75
M011,2026-01-14,1.09,6.47,0.0,0.0,0.0,9.24,11.85
M012,2026-01-14,1.27,8.78,0.0,0.0,0.0,10.89,17.71
M013,2026-01-14,0.75,7.33,0.0,0.0,0.0,10.61,14.74
M014,2026-01-14,0.89,6.16,0.0,0.0,0.0,8.5,11.59
M015,2026-01-14,1.62,11.9,0.0,0.0,0.0,17.45,25.72
M001,2026-01-15,1.21,8.63,0.0,0.0,0.0,11.47,20.92
M002,2026-01-15,1.19,10.32,0.0,0.0,0.0,10.73,23.31
M003,2026-01-15,1.22,6.24,0.0,0.0,0.0,8.03,16.5
M004,2026-01-15,0.75,4.44,0.0,0.0,7.26,7.29,13.39
M005,2026-01-15,1.4,9.39,0.0,0.0,0.0,14.05,18.26
M006,2026-01-15,1.32,5.94,0.83,1.44,0.0,12.9,15.29
M007,2026-01-15,1.19,6.48,0.0,0.0,0.0,8.08,14.83
M008,2026-01-15,0.9,4.83,0.0,0.0,0.0,7.55,10.02
M009,2026-01-15,1.45,8.54,0.0,0.0,5.16,10.73,20.39
M010,2026-01-15,0.92,6.63,0.0,0.0,0.0,11.28,18.35
M011,2026-01-15,1.1,6.53,0.73,1.44,0.0,9.69,11.99
M012,2026-01-15,1.05,5.89,0.64,1.58,0.0,9.7,16.41
M013,2026-01-15,1.49,6.57,0.0,0.0,0.0,12.99,18.16
M014,2026-01-15,0.95,5.13,0.95,1.23,5.41,7.93,12.48
M015,2026-01-15,1.6,9.82,0.0,0.0,0.0,20.14,25.43
M001,2026-01-16,1.23,6.96,1.16,1.78,0.0,10.58,18.37
M002,2026-01-16,1.05,7.57,0.0,0.0,0.0,12.65,16.87
M003,2026-01-16,0.86,6.28,0.0,0.0,3.8,9.34,13.73
M004,2026-01-16,0.81,6.53,0.0,0.0,0.0,8.75,13.99
M005,2026-01-16,0.74,7.99,0.0,0.0,4.08,10.74,15.33
M006,2026-01-16,1.08,8.14,0.92,1.68,0.0,9.18,17.98
M007,2026-01-16,1.23,6.55,0.0,0.0,0.0,11.89,14.72
M008,2026-01-16,0.63,5.51,0.75,1.54,0.0,7.09,14.06
M009,2026-01-16,1.24,6.41,1.18,0.0,0.0,10.71,15.63
M010,2026-01-16,0.92,7.16,0.0,0.0,0.0,11.68,17.82
M011,2026-01-16,0.83,6.27,0.0,0.0,6.7,10.33,12.75
M012,2026-01-16,1.16,6.39,0.77,1.29,0.0,8.52,15.76
M013,2026-01-16,1.48,8.89,0.52,1.77,0.0,12.14,19.23
M014,2026-01-16,0.9,5.35,0.0,0.0,0.0,8.28,11.62
M015,2026-01-16,1.51,13.37,0.0,0.0,3.55,24.54,23.43
M001,2026-01-17,0.96,8.46,0.0,0.0,0.0,8.55,21.68
M002,2026-01-17,1.5,7.03,0.0,0.0,0.0,12.92,19.84
M003,2026-01-17,1.07,6.36,0.0,0.0,4.71,10.59,15.83
M004,2026-01-17,1.1,6.68,1.05,0.0,0.0,9.13,15.16
M005,2026-01-17,1.3,6.03,0.0,0.0,0.0,9.06,16.17
M006,2026-01-17,1.1,9.24,0.75,0.0,0.0,12.52,17.75
M007,2026-01-17,1.37,8.87,0.76,0.0,0.0,12.23,16.62
M008,2026-01-17,0.69,5.24,0.0,0.0,0.0,6.94,13.38
M009,2026-01-17,0.92,7.98,0.72,1.42,0.0,13.89,15.43
M010,2026-01-17,1.55,7.47,0.5,1.74,0.0,11.85,22.33
M011,2026-01-17,1.03,5.97,0.79,1.73,0.0,10.6,15.48
M012,2026-01-17,1.19,7.98,0.66,1.14,7.99,11.46,14.67
M013,2026-01-17,1.53,9.37,1.29,0.0,0.0,14.82,15.58
M014,2026-01-17,0.79,7.07,0.0,0.0,0.0,8.37,14.36
M015,2026-01-17,1.89,10.97,0.0,0.0,0.0,21.45,26.67
M001,2026-01-18,0.96,8.42,1.01,1.14,7.49,8.78,20.79
M002,2026-01-18,0.87,8.06,0.0,0.0,0.0,11.46,17.58
M003,2026-01-18,0.78,5.28,1.36,0.0,0.0,10.27,12.43
M004,2026-01-18,1.04,5.01,0.0,0.0,0.0,9.31,14.03
M005,2026-01-18,1.39,7.88,0.0,0.0,0.0,9.18,18.85
M006,2026-01-18,1.28,6.93,0.0,0.0,0.0,10.75,19.26
M007,2026-01-18,0.97,6.77,0.0,0.0,0.0,9.61,15.93
M008,2026-01-18,0.63,5.34,0.57,1.56,0.0,7.4,11.25
M009,2026-01-18,0.95,6.01,0.63,0.0,0.0,10.71,12.36
M010,2026-01-18,1.32,6.86,0.0,0.0,0.0,13.21,18.33
M011,2026-01-18,0.9,4.93,0.0,0.0,0.0,8.86,14.2
M012,2026-01-18,1.18,7.09,0.54,0.0,0.0,8.66,16.17
M013,2026-01-18,1.04,10.74,0.0,0.0,0.0,13.67,21.54
M014,2026-01-18,1.09,5.84,0.0,0.0,4.91,8.03,13.18
M015,2026-01-18,1.81,13.67,0.99,1.28,0.0,21.25,27.73
M001,2026-01-19,1.49,7.57,0.0,0.0,0.0,12.32,20.42
M002,2026-01-19,1.26,8.08,0.72,0.0,0.0,9.28,21.4
M003,2026-01-19,0.83,7.88,0.0,0.0,0.0,8.67,18.31
M004,2026-01-19,0.6,3.99,0.0,0.0,0.0,6.46,11.8
M005,2026-01-19,1.07,5.86,0.0,0.0,0.0,7.87,15.58
M006,2026-01-19,1.09,6.48,1.16,0.0,0.0,10.06,17.17
M007,2026-01-19,0.81,5.13,0.7,0.0,0.0,7.68,15.33
M008,2026-01-19,1.18,6.44,0.0,0.0,0.0,7.92,15.67
M009,2026-01-19,1.4,9.2,0.0,0.0,0.0,14.57,17.17
M010,2026-01-19,1.55,8.67,0.77,1.64,5.81,11.52,22.19
M011,2026-01-19,0.73,5.46,0.0,0.0,0.0,8.29,15.13
M012,2026-01-19,0.88,8.22,0.0,0.0,0.0,11.52,17.5
M013,2026-01-19,1.55,7.19,1.15,1.38,4.66,11.37,20.21
M014,2026-01-19,0.81,4.92,0.0,0.0,5.39,7.55,8.43
M015,2026-01-19,1.46,13.44,1.2,1.43,0.0,21.07,23.26
M001,2026-01-20,1.3,7.1,0.92,1.73,0.0,11.68,20.87
M002,2026-01-20,0.98,6.59,0.0,0.0,5.9,11.23,18.3
M003,2026-01-20,0.78,5.41,0.95,1.55,0.0,7.22,14.62
M004,2026-01-20,1.12,6.69,0.0,0.0,0.0,11.21,14.62
M005,2026-01-20,1.2,9.17,0.0,0.0,0.0,13.79,16.43
M006,2026-01-20,1.3,8.26,1.19,1.67,0.0,9.82,17.14
M007,2026-01-20,0.81,5.0,1.1,1.39,0.0,9.62,10.63
M008,2026-01-20,0.6,5.56,0.0,0.0,3.09,7.6,13.54
M009,2026-01-20,1.38,8.81,0.0,0.0,0.0,13.37,15.74
M010,2026-01-20,1.27,9.18,0.0,0.0,0.0,13.52,17.85
M011,2026-01-20,0.92,6.89,0.0,0.0,0.0,8.1,14.07
M012,2026-01-20,1.32,7.81,0.0,0.0,0.0,11.3,15.93
M013,2026-01-20,0.72,5.78,0.0,0.0,0.0,9.87,15.71
M014,2026-01-20,0.96,4.32,0.0,0.0,0.0,9.46,10.36
M015,2026-01-20,2.39,12.46,0.0,0.0,0.0,18.17,30.21
M001,2026-01-21,1.54,7.84,0.78,1.47,0.0,11.64,25.42
M002,2026-01-21,0.83,6.26,0.0,0.0,0.0,10.7,17.12
M003,2026-01-21,1.03,8.17,0.0,0.0,6.62,10.81,17.71
M004,2026-01-21,0.76,6.56,0.81,1.76,0.0,8.9,17.0
M005,2026-01-21,0.8,7.24,0.0,0.0,0.0,7.53,15.73
M006,2026-01-21,1.4,8.75,0.0,0.0,0.0,11.09,20.52
M007,2026-01-21,0.79,5.93,1.07,1.25,0.0,12.59,13.9
M008,2026-01-21,0.71,4.56,0.0,0.0,0.0,8.0,11.32
M009,2026-01-21,1.06,5.89,0.0,0.0,0.0,10.94,16.99
M010,2026-01-21,1.23,7.88,0.0,0.0,0.0,11.63,21.42
M011,2026-01-21,1.35,7.03,0.0,0.0,0.0,12.41,13.89
M012,2026-01-21,0.95,5.14,0.0,0.0,0.0,10.19,13.76
M013,2026-01-21,0.88,6.03,1.03,0.0,0.0,11.82,13.99
M014,2026-01-21,0.81,6.13,0.8,0.0,0.0,8.55,13.94
M015,2026-01-21,1.56,12.07,0.68,0.0,7.84,23.54,26.47
M001,2026-01-22,1.38,9.29,0.0,0.0,0.0,10.35,24.32
M002,2026-01-22,0.85,7.4,0.99,1.44,5.31,9.35,18.42
M003,2026-01-22,0.85,6.84,1.22,1.4,0.0,10.2,14.21
M004,2026-01-22,1.06,6.78,0.0,0.0,5.4,9.34,14.04
M005,2026-01-22,1.41,7.86,0.0,0.0,0.0,11.54,16.53
M006,2026-01-22,1.51,10.15,0.0,0.0,0.0,13.76,23.25
M007,2026-01-22,1.02,4.96,1.11,1.6,5.15,11.06,12.26
M008,2026-01-22,0.76,4.96,1.02,1.31,0.0,7.45,11.5
M009,2026-01-22,0.99,5.77,0.0,0.0,0.0,9.24,18.15
M010,2026-01-22,1.54,6.77,0.0,0.0,0.0,13.86,16.54
M011,2026-01-22,0.9,5.78,0.79,0.0,0.0,10.84,11.97
M012,2026-01-22,1.26,8.09,0.0,0.0,4.22,13.7,15.34
M013,2026-01-22,1.11,8.22,0.0,0.0,0.0,12.71,14.01
M014,2026-01-22,0.78,4.29,0.68,1.31,0.0,9.73,10.61
M015,2026-01-22,2.21,10.0,0.0,0.0,3.93,21.7,24.9
M001,2026-01-23,1.09,9.5,0.0,0.0,0.0,10.57,21.33
M002,2026-01-23,1.26,7.34,1.06,1.56,0.0,10.54,19.5
M003,2026-01-23,0.66,4.68,0.0,0.0,0.0,7.43,13.8
M004,2026-01-23,0.84,4.94,0.0,0.0,0.0,8.09,14.12
M005,2026-01-23,1.3,9.34,0.94,0.0,0.0,11.9,18.05
M006,2026-01-23,1.0,5.68,0.0,0.0,0.0,8.86,18.33
M007,2026-01-23,0.98,6.88,0.0,0.0,0.0,9.93,14.72
M008,2026-01-23,0.51,5.06,0.0,0.0,0.0,7.07,10.56
M009,2026-01-23,0.94,6.88,0.99,0.0,0.0,8.81,15.31
M010,2026-01-23,1.45,11.56,0.0,0.0,0.0,15.95,23.44
M011,2026-01-23,0.82,7.95,0.77,1.36,0.0,9.99,17.01
M012,2026-01-23,1.31,7.28,0.0,0.0,0.0,10.34,14.89
M013,2026-01-23,1.3,7.89,0.0,0.0,0.0,13.61,15.2
M014,2026-01-23,0.51,4.23,0.0,0.0,0.0,7.98,9.34
M015,2026-01-23,1.6,10.81,1.39,1.08,6.93,17.27,28.59
M001,2026-01-24,1.86,8.44,0.72,1.66,0.0,12.19,25.95
M002,2026-01-24,1.2,6.79,0.0,0.0,0.0,10.01,18.76
M003,2026-01-24,0.86,7.42,0.0,0.0,4.85,8.84,19.54
M004,2026-01-24,0.58,5.98,1.16,1.53,0.0,9.33,11.41
M005,2026-01-24,0.94,7.16,0.0,0.0,0.0,9.66,18.69
M006,2026-01-24,1.28,8.14,0.0,0.0,0.0,11.23,19.28
M007,2026-01-24,0.63,5.96,0.0,0.0,0.0,7.16,13.44
M008,2026-01-24,0.57,6.25,0.0,0.0,0.0,9.38,10.93
M009,2026-01-24,0.92,8.81,0.0,0.0,0.0,12.82,16.05
M010,2026-01-24,1.67,7.58,0.0,0.0,0.0,12.86,20.79
M011,2026-01-24,0.91,5.83,0.0,0.0,0.0,9.81,10.94
M012,2026-01-24,1.03,4.86,1.24,1.34,0.0,11.34,11.92
M013,2026-01-24,1.33,6.38,0.0,0.0,3.69,11.3,17.87
M014,2026-01-24,0.66,6.57,0.0,0.0,0.0,10.72,10.4
M015,2026-01-24,1.74,12.75,0.64,1.55,3.43,22.49,22.54
M001,2026-01-25,1.49,8.76,0.78,0.0,0.0,14.43,20.91
M002,2026-01-25,1.25,7.98,1.12,1.53,0.0,10.76,18.68
M003,2026-01-25,1.15,5.98,0.0,0.0,7.77,9.51,15.54
M004,2026-01-25,0.76,5.14,0.0,0.0,7.93,6.08,12.96
M005,2026-01-25,1.18,6.49,0.0,0.0,0.0,8.52,15.77
M006,2026-01-25,1.75,7.91,0.0,0.0,0.0,17.51,20.19
M007,2026-01-25,0.97,5.4,0.95,1.56,0.0,8.19,12.52
M008,2026-01-25,0.75,5.19,0.0,0.0,0.0,7.79,13.83
M009,2026-01-25,1.04,7.6,1.11,0.0,0.0,10.32,17.43
M010,2026-01-25,1.17,8.61,0.0,0.0,0.0,15.7,23.98
M011,2026-01-25,0.98,6.09,0.0,0.0,0.0,8.28,13.09
M012,2026-01-25,1.15,5.95,1.15,0.0,0.0,8.64,14.04
M013,2026-01-25,1.38,8.05,0.0,0.0,0.0,12.92,15.0
M014,2026-01-25,0.74,4.37,0.0,0.0,0.0,7.43,8.89
M015,2026-01-25,1.78,10.52,0.0,0.0,0.0,18.3,24.41
M001,2026-01-26,1.17,9.13,0.0,0.0,4.22,12.26,22.74
M002,2026-01-26,0.87,8.43,1.0,1.59,0.0,10.92,16.74
M003,2026-01-26,1.1,5.72,0.0,0.0,0.0,9.17,15.04
M004,2026-01-26,0.82,7.38,1.36,0.0,0.0,10.56,14.76
M005,2026-01-26,1.13,8.36,0.0,0.0,0.0,11.98,19.5
M006,2026-01-26,1.29,7.72,0.94,1.16,6.8,13.06,17.05
M007,2026-01-26,0.77,4.7,0.0,0.0,0.0,6.97,13.26
M008,2026-01-26,0.68,6.67,1.15,0.0,0.0,10.75,13.37
M009,2026-01-26,0.8,8.51,0.58,1.72,0.0,10.28,17.03
M010,2026-01-26,1.73,7.3,0.0,0.0,0.0,12.25,21.41
M011,2026-01-26,0.81,4.92,0.71,0.0,0.0,7.24,12.2
M012,2026-01-26,1.26,6.67,0.0,0.0,0.0,12.93,14.73
M013,2026-01-26,1.41,7.51,0.0,0.0,0.0,14.83,18.69
M014,2026-01-26,1.0,4.5,0.0,0.0,0.0,9.63,9.98
M015,2026-01-26,1.67,11.01,0.54,1.26,0.0,17.87,19.58
M001,2026-01-27,1.24,8.55,0.0,0.0,3.16,11.07,19.65
M002,2026-01-27,1.3,6.64,0.0,0.0,0.0,11.98,16.4
M003,2026-01-27,0.99,6.38,0.0,0.0,0.0,8.19,12.38
M004,2026-01-27,1.01,6.22,0.0,0.0,0.0,10.57,12.59
M005,2026-01-27,1.17,6.0,0.0,0.0,7.15,9.8,13.81
M006,2026-01-27,1.06,6.1,1.24,1.02,0.0,12.03,15.04
M007,2026-01-27,0.72,5.23,0.53,1.2,0.0,9.14,12.93
M008,2026-01-27,0.62,5.01,0.0,0.0,0.0,7.37,13.76
M009,2026-01-27,1.19,8.06,1.39,1.29,0.0,11.3,16.34
M010,2026-01-27,1.62,10.06,0.0,0.0,0.0,18.4,22.12
M011,2026-01-27,1.22,5.61,0.98,1.8,3.5,10.33,15.89
M012,2026-01-27,1.12,7.17,0.0,0.0,4.1,8.77,14.86
M013,2026-01-27,1.23,9.95,0.66,1.64,0.0,12.35,21.36
M014,2026-01-27,0.72,4.93,1.01,0.0,7.41,6.99,9.08
M015,2026-01-27,1.58,8.65,0.0,0.0,0.0,17.33,22.45
M001,2026-01-28,1.33,6.09,0.0,0.0,0.0,7.53,19.05
M002,2026-01-28,1.16,6.83,1.33,1.68,7.8,12.56,19.9
M003,2026-01-28,1.08,6.32,0.0,0.0,0.0,12.45,16.48
M004,2026-01-28,1.21,7.91,0.66,1.55,6.93,10.94,14.75
M005,2026-01-28,0.93,6.93,0.61,1.76,4.96,9.13,19.77
M006,2026-01-28,1.09,10.24,1.37,0.0,0.0,12.48,25.35
M007,2026-01-28,0.98,4.99,0.65,1.07,0.0,8.14,13.28
M008,2026-01-28,0.92,5.57,0.0,0.0,0.0,10.47,13.17
M009,2026-01-28,0.66,5.84,1.37,1.39,0.0,9.4,14.13
M010,2026-01-28,1.19,9.0,1.12,0.0,0.0,10.88,19.34
M011,2026-01-28,0.76,6.53,0.0,0.0,0.0,9.27,11.99
M012,2026-01-28,1.15,8.42,0.0,0.0,0.0,11.35,16.6
M013,2026-01-28,0.87,9.26,0.0,0.0,3.79,14.78,15.48
M014,2026-01-28,0.56,4.86,1.16,0.0,0.0,8.19,9.12
M015,2026-01-28,1.49,10.57,0.0,0.0,0.0,16.12,19.67
M001,2026-01-29,1.32,8.11,0.0,0.0,0.0,11.86,18.14
M002,2026-01-29,0.8,7.9,0.0,0.0,0.0,9.88,16.84
M003,2026-01-29,0.8,6.99,0.0,0.0,4.85,10.22,16.19
M004,2026-01-29,0.79,4.69,0.0,0.0,0.0,7.02,13.22
M005,2026-01-29,0.89,7.24,0.0,0.0,5.95,11.34,18.35
M006,2026-01-29,1.73,9.15,0.0,0.0,5.37,12.31,24.07
M007,2026-01-29,0.73,7.36,0.95,1.64,0.0,9.34,15.05
M008,2026-01-29,0.83,4.05,1.37,1.1,0.0,5.97,11.94
M009,2026-01-29,1.39,7.31,0.73,1.73,0.0,11.32,15.43
M010,2026-01-29,1.22,8.04,0.0,0.0,6.93,13.37,20.61
M011,2026-01-29,0.88,5.81,0.0,0.0,0.0,8.76,14.38
M012,2026-01-29,1.5,7.96,0.0,0.0,0.0,12.48,17.4
M013,2026-01-29,1.09,7.12,0.0,0.0,0.0,14.31,14.43
M014,2026-01-29,0.56,4.83,0.53,1.27,0.0,7.07,10.72
M015,2026-01-29,2.44,10.34,0.77,0.0,0.0,20.17,29.02
M001,2026-01-30,1.35,6.15,0.9,1.22,0.0,8.98,18.73
M002,2026-01-30,0.85,7.53,1.18,1.66,0.0,10.75,14.89
M003,2026-01-30,0.93,5.17,1.29,0.0,0.0,7.65,15.61
M004,2026-01-30,0.84,6.34,1.13,0.0,0.0,9.52,15.28
M005,2026-01-30,0.91,6.2,0.0,0.0,0.0,12.87,16.49
M006,2026-01-30,1.55,8.97,0.0,0.0,6.74,13.48,23.24
M007,2026-01-30,0.85,5.11,1.37,1.52,0.0,9.89,12.81
M008,2026-01-30,0.57,5.8,0.51,1.52,0.0,9.64,10.43
M009,2026-01-30,1.18,5.98,1.08,1.3,0.0,11.07,13.88
M010,2026-01-30,1.54,10.24,0.0,0.0,0.0,14.3,20.56
M011,2026-01-30,1.17,6.0,1.05,0.0,0.0,11.73,12.56
M012,2026-01-30,1.32,9.03,0.0,0.0,0.0,11.05,19.29
M013,2026-01-30,0.89,8.12,1.22,1.48,0.0,11.34,16.9
M014,2026-01-30,0.91,6.52,0.0,0.0,0.0,9.42,11.48
M015,2026-01-30,1.6,9.51,0.0,0.0,0.0,17.11,18.46
M001,2026-01-31,1.54,9.91,0.96,1.67,3.91,13.33,19.47
M002,2026-01-31,0.86,7.3,0.66,1.27,0.0,9.75,15.26
M003,2026-01-31,0.96,7.87,0.0,0.0,0.0,11.13,16.02
M004,2026-01-31,0.98,7.43,1.35,0.0,5.5,8.21,16.71
M005,2026-01-31,0.94,5.73,0.62,0.0,0.0,10.18,16.63
M006,2026-01-31,1.45,8.95,1.2,1.5,0.0,13.94,23.2
M007,2026-01-31,0.7,5.8,0.0,0.0,0.0,8.14,12.07
M008,2026-01-31,0.68,6.18,0.86,1.31,0.0,10.26,12.46
M009,2026-01-31,0.74,6.31,0.67,1.5,0.0,9.87,16.27
M010,2026-01-31,1.04,8.25,0.65,1.24,0.0,12.58,20.72
M011,2026-01-31,0.86,7.13,0.81,1.29,0.0,8.32,15.43
M012,2026-01-31,1.12,6.88,0.62,1.47,0.0,13.15,16.53
M013,2026-01-31,0.93,9.6,0.0,0.0,0.0,15.93,16.17
M014,2026-01-31,1.0,6.29,0.0,0.0,0.0,10.18,12.63
M015,2026-01-31,1.68,10.52,0.0,0.0,0.0,17.17,23.71
M001,2026-02-01,2.31,7.05,0.0,0.0,0.0,12.04,18.04
M002,2026-02-01,1.73,7.73,0.0,0.0,0.0,13.8,18.52
M003,2026-02-01,1.28,4.43,0.0,0.0,0.0,7.75,14.5
M004,2026-02-01,1.04,4.5,0.0,0.0,4.65,9.41,11.08
M005,2026-02-01,2.59,7.42,0.63,0.0,0.0,10.6,19.13
M006,2026-02-01,1.66,5.45,0.77,1.08,0.0,12.89,14.86
M007,2026-02-01,1.88,4.63,0.59,1.04,6.32,10.25,12.5
M008,2026-02-01,1.33,4.54,0.58,1.15,0.0,6.64,13.05
M009,2026-02-01,1.64,6.31,1.08,1.09,0.0,11.88,13.26
M010,2026-02-01,2.28,8.7,1.22,1.15,0.0,17.72,23.18
M011,2026-02-01,1.48,4.76,0.62,1.09,0.0,9.26,9.8
M012,2026-02-01,1.47,5.61,1.19,1.45,6.35,10.55,13.04
M013,2026-02-01,2.41,5.66,0.72,0.0,0.0,13.69,17.01
M014,2026-02-01,1.57,5.71,0.0,0.0,0.0,10.54,11.18
M015,2026-02-01,4.08,12.14,0.0,0.0,0.0,23.0,25.08
M001,2026-02-02,1.94,7.41,0.86,0.0,0.0,11.39,26.49
M002,2026-02-02,2.41,6.1,0.0,0.0,0.0,9.78,18.56
M003,2026-02-02,1.42,4.81,0.0,0.0,0.0,7.77,13.62
M004,2026-02-02,1.43,5.09,0.0,0.0,0.0,7.31,15.76
M005,2026-02-02,1.37,5.21,0.0,0.0,0.0,9.9,16.72
M006,2026-02-02,2.46,7.67,0.0,0.0,0.0,14.03,18.06
M007,2026-02-02,1.95,6.05,0.0,0.0,0.0,8.6,14.6
M008,2026-02-02,0.97,3.27,1.15,0.0,0.0,7.87,9.49
M009,2026-02-02,2.07,6.84,1.15,0.0,0.0,10.83,20.8
M010,2026-02-02,2.92,9.65,0.0,0.0,0.0,13.6,25.97
M011,2026-02-02,1.39,4.44,0.0,0.0,7.19,8.37,11.56
M012,2026-02-02,2.27,4.96,1.16,0.0,0.0,10.56,15.32
M013,2026-02-02,2.43,7.27,1.32,1.22,7.85,15.09,19.56
M014,2026-02-02,1.11,3.99,0.77,1.69,0.0,6.19,10.61
M015,2026-02-02,2.57,10.34,0.0,0.0,0.0,18.51,26.25
M001,2026-02-03,2.9,9.9,0.0,0.0,0.0,14.16,23.85
M002,2026-02-03,1.59,5.43,1.1,1.6,0.0,9.95,14.93
M003,2026-02-03,2.33,6.23,0.0,0.0,0.0,9.93,18.15
M004,2026-02-03,1.59,3.75,0.0,0.0,0.0,6.58,13.15
M005,2026-02-03,1.84,7.25,0.0,0.0,0.0,13.45,16.47
M006,2026-02-03,2.94,9.25,1.01,0.0,0.0,12.87,23.82
M007,2026-02-03,1.75,5.85,0.0,0.0,7.88,9.75,12.97
M008,2026-02-03,1.05,4.19,1.2,1.66,6.52,8.13,13.01
M009,2026-02-03,2.15,6.85,1.37,0.0,0.0,11.34,18.57
M010,2026-02-03,1.76,6.92,0.0,0.0,0.0,12.63,18.67
M011,2026-02-03,1.46,3.95,0.0,0.0,0.0,9.33,10.56
M012,2026-02-03,1.41,4.08,1.05,1.39,0.0,10.03,12.55
M013,2026-02-03,2.09,6.56,0.0,0.0,0.0,14.35,19.21
M014,2026-02-03,1.34,3.46,0.0,0.0,0.0,8.62,10.15
M015,2026-02-03,2.36,9.83,0.0,0.0,7.12,14.91,25.67
M001,2026-02-04,2.06,5.74,1.05,1.77,0.0,9.94,16.73
M002,2026-02-04,2.94,6.97,0.0,0.0,0.0,10.17,23.03
M003,2026-02-04,1.8,6.87,0.0,0.0,0.0,8.89,18.96
M004,2026-02-04,1.39,5.1,0.0,0.0,5.69,9.02,10.65
M005,2026-02-04,1.82,5.77,0.88,0.0,0.0,8.49,15.13
M006,2026-02-04,3.1,8.84,1.17,0.0,0.0,15.97,21.98
M007,2026-02-04,1.07,5.15,1.02,0.0,0.0,8.75,12.2
M008,2026-02-04,1.46,3.86,0.98,1.49,0.0,8.55,13.17
M009,2026-02-04,1.53,7.57,0.0,0.0,0.0,12.81,16.56
M010,2026-02-04,2.44,6.44,0.0,0.0,0.0,12.49,17.54
M011,2026-02-04,1.27,4.89,0.99,1.12,0.0,8.26,14.97
M012,2026-02-04,2.27,5.96,1.0,1.1,0.0,11.66,16.88
M013,2026-02-04,2.74,6.26,1.31,0.0,0.0,12.55,18.31
M014,2026-02-04,1.08,3.8,0.67,0.0,0.0,7.41,12.04
M015,2026-02-04,4.24,12.68,0.0,0.0,0.0,22.66,25.46
M001,2026-02-05,1.45,6.56,0.0,0.0,0.0,10.99,16.36
M002,2026-02-05,1.62,7.03,0.79,1.49,0.0,10.84,19.66
M003,2026-02-05,1.64,5.21,0.0,0.0,0.0,10.66,14.89
M004,2026-02-05,1.59,4.27,0.62,1.7,0.0,8.07,11.83
M005,2026-02-05,1.88,4.99,1.26,1.11,0.0,11.08,14.96
M006,2026-02-05,1.93,6.74,0.0,0.0,0.0,17.19,19.72
M007,2026-02-05,1.67,5.77,1.0,1.8,0.0,9.11,16.22
M008,2026-02-05,1.15,4.82,0.76,1.41,0.0,8.02,11.73
M009,2026-02-05,2.45,7.16,0.65,1.36,0.0,9.83,19.16
M010,2026-02-05,3.34,8.98,0.0,0.0,0.0,16.94,20.36
M011,2026-02-05,1.18,4.76,0.0,0.0,0.0,8.14,14.71
M012,2026-02-05,1.68,5.29,0.0,0.0,4.62,9.62,14.89
M013,2026-02-05,2.57,7.65,0.0,0.0,0.0,14.65,16.03
M014,2026-02-05,1.31,4.77,0.96,1.73,0.0,9.32,11.11
M015,2026-02-05,3.36,10.57,0.95,0.0,0.0,24.33,24.05
M001,2026-02-06,1.97,6.56,0.0,0.0,0.0,13.74,20.33
M002,2026-02-06,2.17,6.24,0.0,0.0,0.0,10.73,15.35
M003,2026-02-06,1.84,3.9,0.0,0.0,0.0,9.42,12.5
M004,2026-02-06,1.17,5.24,0.0,0.0,0.0,10.01,13.14
M005,2026-02-06,2.42,7.36,0.0,0.0,0.0,11.93,20.69
M006,2026-02-06,1.57,6.44,1.28,0.0,0.0,11.36,18.51
M007,2026-02-06,2.27,5.22,0.74,1.27,0.0,10.54,16.67
M008,2026-02-06,1.22,3.48,0.0,0.0,5.52,7.84,10.89
M009,2026-02-06,1.27,5.21,0.54,1.4,0.0,9.79,14.14
M010,2026-02-06,2.27,7.61,1.2,1.42,0.0,14.69,15.89
M011,2026-02-06,1.36,5.72,0.84,1.59,0.0,9.0,14.2
M012,2026-02-06,1.2,4.81,0.0,0.0,4.42,8.08,13.98
M013,2026-02-06,1.68,7.02,1.02,0.0,0.0,11.94,17.51
M014,2026-02-06,1.29,4.3,0.0,0.0,0.0,9.73,10.94
M015,2026-02-06,3.22,10.03,0.0,0.0,0.0,19.33,28.85
M001,2026-02-07,2.57,6.86,0.0,0.0,0.0,12.02,19.37
M002,2026-02-07,1.71,6.4,1.27,1.6,0.0,9.08,17.79
M003,2026-02-07,1.27,4.63,0.0,0.0,0.0,7.66,14.26
M004,2026-02-07,1.33,6.2,0.0,0.0,0.0,10.4,13.37
M005,2026-02-07,2.17,5.87,0.0,0.0,0.0,14.83,17.46
M006,2026-02-07,2.81,7.14,0.0,0.0,0.0,11.83,19.22
M007,2026-02-07,2.38,6.63,0.0,0.0,0.0,10.78,17.77
M008,2026-02-07,1.4,4.12,0.96,0.0,0.0,10.96,12.06
M009,2026-02-07,1.22,4.71,1.2,1.32,0.0,10.02,14.8
M010,2026-02-07,1.99,7.04,0.0,0.0,0.0,13.39,24.9
M011,2026-02-07,1.94,4.35,0.68,1.46,0.0,9.36,12.33
M012,2026-02-07,1.15,4.47,1.22,1.7,0.0,9.12,13.02
M013,2026-02-07,2.92,7.35,1.18,1.37,0.0,13.54,19.04
M014,2026-02-07,0.87,2.92,1.39,1.18,0.0,5.88,10.19
M015,2026-02-07,2.12,10.71,0.0,0.0,0.0,17.77,25.2
M001,2026-02-08,1.89,9.33,0.0,0.0,0.0,10.37,25.78
M002,2026-02-08,2.35,6.25,0.95,0.0,0.0,8.26,18.22
M003,2026-02-08,1.28,4.42,0.64,0.0,6.38,7.92,14.41
M004,2026-02-08,1.87,5.15,0.0,0.0,0.0,8.44,14.59
M005,2026-02-08,2.52,7.12,0.94,1.73,0.0,12.05,15.87
M006,2026-02-08,1.71,8.2,0.0,0.0,0.0,13.15,20.14
M007,2026-02-08,1.84,4.53,1.13,1.55,0.0,10.51,13.15
M008,2026-02-08,1.34,4.91,0.0,0.0,0.0,9.53,11.83
M009,2026-02-08,2.03,5.64,0.0,0.0,0.0,10.2,16.91
M010,2026-02-08,2.86,6.75,0.0,0.0,0.0,13.48,20.18
M011,2026-02-08,1.1,4.14,0.0,0.0,0.0,9.02,11.69
M012,2026-02-08,2.01,4.26,0.66,1.8,0.0,9.46,13.05
M013,2026-02-08,2.69,6.65,1.01,1.55,0.0,12.54,20.33
M014,2026-02-08,1.45,4.14,0.0,0.0,0.0,8.16,11.04
M015,2026-02-08,2.95,8.77,0.0,0.0,7.82,23.92,25.44
M001,2026-02-09,2.54,6.37,0.82,1.39,0.0,9.57,23.72
M002,2026-02-09,1.69,6.4,0.0,0.0,0.0,8.9,18.74
M003,2026-02-09,1.77,5.32,0.56,0.0,0.0,9.55,13.95
M004,2026-02-09,1.23,4.76,0.0,0.0,0.0,6.75,13.71
M005,2026-02-09,1.96,6.95,0.0,0.0,0.0,12.29,14.33
M006,2026-02-09,2.69,9.07,0.57,0.0,0.0,16.16,18.9
M007,2026-02-09,2.01,4.98,0.0,0.0,0.0,12.96,14.99
M008,2026-02-09,1.05,4.43,0.78,0.0,0.0,7.36,11.62
M009,2026-02-09,2.0,4.24,1.27,0.0,0.0,7.96,15.79
M010,2026-02-09,2.16,7.7,1.13,0.0,0.0,14.05,21.75
M011,2026-02-09,1.75,5.35,0.78,0.0,0.0,8.95,15.12
M012,2026-02-09,1.63,5.02,0.0,0.0,0.0,9.49,15.77
M013,2026-02-09,2.17,7.44,0.0,0.0,7.73,14.8,19.46
M014,2026-02-09,1.07,3.22,0.0,0.0,0.0,7.22,8.72
M015,2026-02-09,3.0,8.72,0.0,0.0,0.0,18.86,22.5
M001,2026-02-10,1.86,6.6,0.0,0.0,0.0,8.81,22.17
M002,2026-02-10,2.49,6.45,1.23,1.68,0.0,12.82,19.26
M003,2026-02-10,1.96,5.24,0.67,0.0,0.0,9.79,16.4
M004,2026-02-10,1.05,3.92,1.15,0.0,0.0,7.56,12.06
M005,2026-02-10,1.64,6.51,0.92,1.26,0.0,8.51,17.9
M006,2026-02-10,2.22,4.96,0.0,0.0,0.0,9.37,17.85
M007,2026-02-10,2.3,5.12,0.72,1.35,0.0,12.91,14.5
M008,2026-02-10,1.67,4.54,0.93,1.25,0.0,7.92,12.54
M009,2026-02-10,2.02,5.08,0.0,0.0,0.0,10.33,12.55
M010,2026-02-10,3.43,7.85,0.0,0.0,0.0,17.62,22.58
M011,2026-02-10,1.22,3.77,0.51,0.0,0.0,8.51,11.69
M012,2026-02-10,1.72,4.91,0.0,0.0,0.0,10.81,15.88
M013,2026-02-10,3.2,8.12,0.0,0.0,0.0,14.01,21.16
M014,2026-02-10,1.16,4.2,1.21,1.64,0.0,10.27,11.12
M015,2026-02-10,2.92,8.57,0.94,1.24,0.0,22.18,23.45
M001,2026-02-11,1.83,6.91,0.0,0.0,0.0,8.16,20.58
M002,2026-02-11,1.53,5.58,0.0,0.0,0.0,11.42,18.03
M003,2026-02-11,1.55,4.29,0.0,0.0,0.0,6.66,13.81
M004,2026-02-11,1.44,5.82,0.99,1.42,0.0,9.16,15.16
M005,2026-02-11,1.82,6.77,0.0,0.0,0.0,13.26,15.88
M006,2026-02-11,1.98,9.18,0.0,0.0,0.0,16.55,19.76
M007,2026-02-11,2.12,5.9,0.0,0.0,0.0,11.04,14.19
M008,2026-02-11,1.47,3.6,0.69,1.71,0.0,7.14,12.61
M009,2026-02-11,1.67,5.96,0.0,0.0,0.0,8.65,14.41
M010,2026-02-11,2.37,7.07,0.0,0.0,0.0,13.6,25.79
M011,2026-02-11,1.42,6.42,0.0,0.0,0.0,11.07,15.69
M012,2026-02-11,1.77,4.5,0.87,0.0,0.0,10.43,13.04
M013,2026-02-11,2.31,7.61,0.0,0.0,0.0,13.3,16.7
M014,2026-02-11,1.01,4.81,0.0,0.0,0.0,8.42,9.81
M015,2026-02-11,3.15,10.49,0.89,1.49,0.0,24.26,26.02
M001,2026-02-12,3.12,7.04,0.9,1.58,5.98,12.19,23.31
M002,2026-02-12,2.1,6.88,0.0,0.0,3.11,10.87,23.14
M003,2026-02-12,1.62,5.99,1.33,0.0,0.0,10.68,15.98
M004,2026-02-12,1.24,4.37,0.0,0.0,0.0,8.58,10.66
M005,2026-02-12,2.36,6.49,1.21,0.0,0.0,9.76,17.23
M006,2026-02-12,2.9,7.6,0.0,0.0,0.0,12.79,20.5
M007,2026-02-12,1.07,5.09,0.0,0.0,0.0,8.63,12.24
M008,2026-02-12,2.01,4.6,1.04,0.0,0.0,9.97,13.53
M009,2026-02-12,1.29,5.69,0.0,0.0,0.0,11.42,14.05
M010,2026-02-12,2.36,6.23,0.0,0.0,0.0,12.16,17.41
M011,2026-02-12,1.26,4.35,0.0,0.0,0.0,8.4,12.25
M012,2026-02-12,1.42,3.97,0.0,0.0,0.0,10.34,11.27
M013,2026-02-12,1.92,5.79,0.68,1.59,0.0,13.03,13.42
M014,2026-02-12,1.33,5.48,0.0,0.0,0.0,9.48,11.81
M015,2026-02-12,2.52,9.22,0.0,0.0,0.0,14.8,25.59
M001,2026-02-13,3.06,7.26,0.0,0.0,0.0,10.07,23.69
M002,2026-02-13,1.67,6.25,0.6,0.0,7.63,8.05,17.71
M003,2026-02-13,1.38,6.6,0.0,0.0,0.0,12.54,15.3
M004,2026-02-13,1.42,3.84,0.0,0.0,0.0,7.66,12.14
M005,2026-02-13,1.67,7.2,0.0,0.0,0.0,11.08,19.24
M006,2026-02-13,1.52,5.44,1.06,0.0,0.0,12.71,14.37
M007,2026-02-13,1.43,5.93,1.28,0.0,6.25,10.42,13.19
M008,2026-02-13,1.79,3.67,0.0,0.0,5.66,9.01,10.85
M009,2026-02-13,1.87,7.06,0.0,0.0,0.0,11.02,16.38
M010,2026-02-13,2.17,6.3,0.0,0.0,0.0,13.04,20.13
M011,2026-02-13,1.87,4.57,1.06,1.71,0.0,10.14,10.63
M012,2026-02-13,1.6,4.98,1.09,0.0,0.0,9.31,17.0
M013,2026-02-13,2.38,6.21,0.0,0.0,0.0,11.34,20.34
M014,2026-02-13,1.4,4.97,0.0,0.0,0.0,9.51,12.71
M015,2026-02-13,4.03,9.62,0.97,0.0,7.88,23.33,24.01
M001,2026-02-14,3.28,7.64,1.35,0.0,0.0,10.83,26.62
M002,2026-02-14,2.54,7.92,0.0,0.0,0.0,11.76,19.48
M003,2026-02-14,2.5,7.45,0.0,0.0,0.0,12.64,16.22
M004,2026-02-14,1.59,4.51,0.0,0.0,0.0,8.33,11.28
M005,2026-02-14,1.97,5.25,0.93,1.48,0.0,10.35,14.95
M006,2026-02-14,2.54,6.87,0.0,0.0,0.0,12.99,23.52
M007,2026-02-14,1.22,4.31,1.39,1.05,7.93,7.02,13.28
M008,2026-02-14,1.29,4.47,0.0,0.0,0.0,9.82,10.85
M009,2026-02-14,1.93,6.05,1.17,1.42,6.93,11.99,17.72
M010,2026-02-14,2.9,6.23,0.97,1.59,0.0,14.2,20.47
M011,2026-02-14,1.23,4.85,0.0,0.0,0.0,8.85,15.18
M012,2026-02-14,1.7,5.85,0.0,0.0,0.0,12.13,13.31
M013,2026-02-14,2.32,8.16,0.0,0.0,0.0,12.36,21.71
M014,2026-02-14,1.13,4.4,0.0,0.0,0.0,8.72,12.01
M015,2026-02-14,2.64,9.93,0.0,0.0,0.0,17.4,28.59
M001,2026-02-15,2.84,6.7,0.0,0.0,0.0,13.14,22.72
M002,2026-02-15,1.9,7.15,0.0,0.0,4.89,11.24,17.89
M003,2026-02-15,2.39,6.18,0.64,1.14,0.0,10.7,16.67
M004,2026-02-15,1.67,4.43,0.61,0.0,0.0,7.54,13.06
M005,2026-02-15,1.74,6.41,0.0,0.0,0.0,8.48,17.03
M006,2026-02-15,2.16,6.39,0.0,0.0,0.0,11.16,18.18
M007,2026-02-15,1.61,5.15,1.24,0.0,0.0,8.44,13.9
M008,2026-02-15,1.47,4.06,0.77,1.04,0.0,7.86,9.43
M009,2026-02-15,2.17,6.89,1.21,0.0,0.0,11.48,17.61
M010,2026-02-15,2.16,8.25,0.0,0.0,0.0,19.44,21.32
M011,2026-02-15,1.61,4.51,0.0,0.0,0.0,10.09,12.26
M012,2026-02-15,1.85,6.18,0.6,1.5,5.42,10.28,15.77
M013,2026-02-15,3.18,7.09,0.78,1.8,0.0,17.04,18.17
M014,2026-02-15,1.4,4.59,0.0,0.0,0.0,8.27,11.53
M015,2026-02-15,4.14,8.09,0.0,0.0,0.0,22.82,23.11
M001,2026-02-16,3.01,9.62,0.0,0.0,0.0,12.28,24.18
M002,2026-02-16,1.5,5.87,0.0,0.0,0.0,12.03,18.28
M003,2026-02-16,1.57,4.42,0.81,1.49,0.0,10.7,14.32
M004,2026-02-16,1.31,4.88,1.22,1.39,0.0,6.76,14.01
M005,2026-02-16,1.79,6.95,0.0,0.0,0.0,9.64,18.73
M006,2026-02-16,2.39,6.13,0.0,0.0,0.0,11.05,19.01
M007,2026-02-16,2.35,5.64,0.75,0.0,6.13,9.53,17.72
M008,2026-02-16,1.39,4.86,1.18,1.25,0.0,8.93,12.35
M009,2026-02-16,1.61,5.9,0.69,0.0,0.0,9.95,17.41
M010,2026-02-16,3.39,8.35,0.0,0.0,0.0,15.99,22.82
M011,2026-02-16,1.79,4.9,0.0,0.0,0.0,9.6,10.79
M012,2026-02-16,2.44,7.56,0.62,1.37,0.0,12.27,16.98
M013,2026-02-16,2.2,5.91,0.58,1.04,0.0,10.12,14.89
M014,2026-02-16,1.32,3.67,0.79,0.0,0.0,8.32,9.73
M015,2026-02-16,2.26,7.91,0.0,0.0,0.0,17.6,24.21
M001,2026-02-17,1.88,6.73,0.0,0.0,0.0,10.27,22.29
M002,2026-02-17,1.58,4.85,0.8,1.1,0.0,9.1,17.53
M003,2026-02-17,1.1,4.57,0.0,0.0,0.0,7.82,13.6
M004,2026-02-17,1.94,5.71,0.0,0.0,0.0,8.74,16.06
M005,2026-02-17,2.12,7.78,0.92,0.0,0.0,9.72,20.0
M006,2026-02-17,2.18,7.57,0.92,0.0,0.0,10.93,21.1
M007,2026-02-17,2.24,5.4,1.1,1.71,0.0,12.09,13.55
M008,2026-02-17,1.31,4.46,0.0,0.0,0.0,8.04,12.53
M009,2026-02-17,1.26,5.88,0.79,1.63,0.0,10.0,13.72
M010,2026-02-17,2.57,7.66,0.85,0.0,0.0,13.62,20.56
M011,2026-02-17,1.7,6.21,0.0,0.0,0.0,9.95,15.35
M012,2026-02-17,1.93,4.96,0.0,0.0,0.0,9.38,12.5
M013,2026-02-17,2.59,5.95,0.56,0.0,0.0,12.04,19.01
M014,2026-02-17,1.29,4.34,0.0,0.0,0.0,6.96,11.56
M015,2026-02-17,3.7,8.61,0.0,0.0,0.0,21.27,27.65
M001,2026-02-18,2.28,6.01,0.78,1.73,0.0,8.7,22.42
M002,2026-02-18,2.55,5.82,0.0,0.0,0.0,8.32,19.88
M003,2026-02-18,1.31,4.87,0.0,0.0,0.0,10.75,13.35
M004,2026-02-18,1.98,4.93,1.28,0.0,0.0,9.5,14.24
M005,2026-02-18,1.7,5.48,0.0,0.0,0.0,10.3,15.87
M006,2026-02-18,1.87,7.4,0.64,1.54,0.0,13.22,15.54
M007,2026-02-18,1.61,4.44,0.0,0.0,3.42,7.71,12.6
M008,2026-02-18,1.37,4.94,0.88,0.0,0.0,8.02,12.1
M009,2026-02-18,1.72,5.17,1.02,1.19,0.0,11.29,15.61
M010,2026-02-18,2.31,9.4,1.13,0.0,0.0,13.75,22.12
M011,2026-02-18,1.59,5.25,1.2,1.06,3.44,8.43,11.56
M012,2026-02-18,2.51,5.13,1.22,0.0,0.0,12.52,15.52
M013,2026-02-18,2.3,7.41,0.0,0.0,0.0,14.75,18.75
M014,2026-02-18,1.86,4.55,0.0,0.0,6.75,9.03,13.54
M015,2026-02-18,2.25,9.51,0.0,0.0,0.0,15.99,27.71
M001,2026-02-19,2.71,7.24,0.0,0.0,0.0,10.56,25.44
M002,2026-02-19,1.45,5.33,0.51,0.0,0.0,9.41,17.16
M003,2026-02-19,1.48,5.39,0.0,0.0,0.0,8.32,13.51
M004,2026-02-19,2.09,5.05,0.0,0.0,0.0,7.83,16.67
M005,2026-02-19,1.71,6.46,0.71,1.51,0.0,8.7,15.81
M006,2026-02-19,2.32,7.42,0.0,0.0,0.0,12.56,18.03
M007,2026-02-19,1.83,5.53,0.0,0.0,0.0,8.45,14.39
M008,2026-02-19,1.13,5.19,0.0,0.0,5.24,7.81,12.75
M009,2026-02-19,2.48,5.74,1.07,1.35,7.29,13.77,18.17
M010,2026-02-19,1.72,7.55,0.0,0.0,0.0,12.11,20.21
M011,2026-02-19,1.84,4.81,0.0,0.0,0.0,11.59,13.3
M012,2026-02-19,2.03,6.54,0.0,0.0,0.0,12.66,13.58
M013,2026-02-19,1.74,6.0,0.0,0.0,0.0,14.62,15.24
M014,2026-02-19,1.72,5.59,1.07,1.1,3.65,9.2,13.22
M015,2026-02-19,3.56,12.76,1.13,0.0,0.0,18.28,30.59
M001,2026-02-20,2.99,6.81,0.0,0.0,6.85,12.67,21.35
M002,2026-02-20,1.32,6.2,0.0,0.0,0.0,11.01,14.36
M003,2026-02-20,1.75,6.24,0.0,0.0,6.05,12.41,16.64
M004,2026-02-20,1.21,5.37,0.0,0.0,0.0,7.12,14.94
M005,2026-02-20,1.61,5.5,0.73,1.72,0.0,11.13,19.04
M006,2026-02-20,2.88,7.47,1.31,1.41,5.45,15.17,22.28
M007,2026-02-20,2.26,6.78,0.0,0.0,0.0,9.2,18.45
M008,2026-02-20,1.6,5.23,0.82,1.32,0.0,7.81,15.32
M009,2026-02-20,1.67,6.08,0.0,0.0,0.0,8.56,14.79
M010,2026-02-20,2.1,6.67,0.0,0.0,0.0,14.22,22.94
M011,2026-02-20,1.98,5.45,0.0,0.0,0.0,10.03,16.2
M012,2026-02-20,1.28,5.38,0.94,0.0,0.0,10.15,12.31
M013,2026-02-20,2.59,6.64,0.53,0.0,0.0,15.32,15.5
M014,2026-02-20,1.38,3.92,0.0,0.0,0.0,6.31,10.39
M015,2026-02-20,2.74,9.61,0.0,0.0,0.0,15.54,21.78
M001,2026-02-21,2.81,5.77,0.62,0.0,0.0,12.02,20.04
M002,2026-02-21,2.18,6.1,1.24,0.0,0.0,10.32,21.61
M003,2026-02-21,1.86,4.79,1.38,1.26,5.88,9.73,12.72
M004,2026-02-21,2.04,6.03,0.8,0.0,0.0,9.85,14.95
M005,2026-02-21,2.17,6.43,0.54,0.0,0.0,11.19,18.79
M006,2026-02-21,1.77,7.8,0.0,0.0,0.0,16.29,19.35
M007,2026-02-21,2.24,5.52,1.2,1.16,0.0,10.31,15.63
M008,2026-02-21,1.78,4.62,0.0,0.0,0.0,8.17,11.92
M009,2026-02-21,2.4,7.79,0.0,0.0,0.0,14.2,17.63
M010,2026-02-21,2.17,5.61,0.0,0.0,0.0,12.35,18.07
M011,2026-02-21,1.68,4.83,0.0,0.0,0.0,7.7,12.93
M012,2026-02-21,2.47,5.99,0.0,0.0,0.0,13.53,13.99
M013,2026-02-21,1.95,6.86,0.0,0.0,0.0,12.49,19.55
M014,2026-02-21,1.3,4.16,0.0,0.0,0.0,7.06,9.12
M015,2026-02-21,3.19,8.82,0.79,0.0,0.0,17.15,19.67
M001,2026-02-22,2.24,6.58,1.28,1.18,0.0,12.42,23.23
M002,2026-02-22,1.81,8.49,0.0,0.0,0.0,13.92,19.02
M003,2026-02-22,2.04,7.05,0.0,0.0,0.0,9.43,17.51
M004,2026-02-22,1.02,4.67,0.0,0.0,0.0,7.59,11.02
M005,2026-02-22,2.37,7.83,1.05,0.0,7.28,14.42,17.48
M006,2026-02-22,2.54,9.64,1.25,0.0,0.0,13.16,23.4
M007,2026-02-22,1.4,5.08,1.03,0.0,0.0,10.63,11.73
M008,2026-02-22,1.23,5.29,0.53,1.38,0.0,8.72,15.62
M009,2026-02-22,1.59,6.06,0.0,0.0,0.0,9.13,17.79
M010,2026-02-22,1.88,7.13,0.0,0.0,0.0,13.51,17.11
M011,2026-02-22,2.09,5.95,0.0,0.0,0.0,9.28,15.35
M012,2026-02-22,1.93,7.19,0.0,0.0,0.0,11.8,17.48
M013,2026-02-22,1.79,8.76,0.0,0.0,0.0,15.12,19.28
M014,2026-02-22,1.58,3.97,1.21,0.0,6.68,8.89,8.87
M015,2026-02-22,3.83,12.6,0.0,0.0,0.0,20.9,28.67
M001,2026-02-23,1.74,6.94,0.0,0.0,0.0,12.03,18.8
M002,2026-02-23,2.0,6.3,0.0,0.0,5.9,10.13,23.75
M003,2026-02-23,1.79,4.38,0.0,0.0,0.0,7.87,14.48
M004,2026-02-23,1.05,4.2,0.0,0.0,0.0,8.98,11.37
M005,2026-02-23,2.33,6.71,0.0,0.0,0.0,10.39,19.73
M006,2026-02-23,3.12,9.73,0.0,0.0,5.29,17.23,20.36
M007,2026-02-23,1.72,7.32,0.0,0.0,0.0,10.44,17.68
M008,2026-02-23,1.78,4.6,0.76,1.43,0.0,8.9,11.82
M009,2026-02-23,2.04,5.41,0.0,0.0,4.16,9.11,17.73
M010,2026-02-23,2.46,7.65,0.79,1.56,0.0,15.6,21.52
M011,2026-02-23,1.16,5.24,0.0,0.0,0.0,8.96,12.37
M012,2026-02-23,2.45,5.44,0.0,0.0,0.0,14.27,15.9
M013,2026-02-23,2.77,7.06,1.26,1.53,0.0,16.42,18.68
M014,2026-02-23,1.01,3.02,0.0,0.0,0.0,6.86,9.3
M015,2026-02-23,2.22,7.33,0.0,0.0,0.0,17.43,18.13
M001,2026-02-24,2.64,6.37,0.0,0.0,0.0,10.6,19.49
M002,2026-02-24,1.33,6.51,0.8,1.38,0.0,8.14,18.87
M003,2026-02-24,2.14,5.53,1.32,1.55,0.0,9.34,19.94
M004,2026-02-24,1.39,3.91,0.0,0.0,0.0,7.56,11.69
M005,2026-02-24,1.23,5.55,0.7,1.22,0.0,9.18,14.71
M006,2026-02-24,2.45,5.83,0.0,0.0,0.0,13.43,18.33
M007,2026-02-24,2.26,6.53,0.0,0.0,0.0,8.88,16.65
M008,2026-02-24,1.28,3.98,0.0,0.0,7.37,9.26,10.52
M009,2026-02-24,2.01,7.81,0.76,1.78,0.0,10.29,19.35
M010,2026-02-24,2.26,5.64,0.0,0.0,0.0,10.96,19.74
M011,2026-02-24,1.4,7.03,0.58,1.73,0.0,11.03,15.94
M012,2026-02-24,2.24,5.22,0.0,0.0,0.0,11.51,16.24
M013,2026-02-24,2.13,6.34,0.0,0.0,0.0,11.04,14.39
M014,2026-02-24,0.79,3.2,1.25,1.52,5.09,6.99,9.07
M015,2026-02-24,2.7,8.51,0.0,0.0,3.33,18.37,27.24
M001,2026-02-25,2.43,8.42,0.93,1.1,0.0,11.16,22.19
M002,2026-02-25,1.81,5.88,0.0,0.0,3.68,13.59,18.88
M003,2026-02-25,1.53,5.87,0.0,0.0,0.0,8.58,14.34
M004,2026-02-25,1.81,6.23,0.0,0.0,0.0,8.87,16.72
M005,2026-02-25,2.44,7.07,0.77,1.55,0.0,10.75,17.69
M006,2026-02-25,1.79,8.02,0.0,0.0,0.0,15.17,21.0
M007,2026-02-25,1.51,5.35,0.0,0.0,0.0,9.64,18.6
M008,2026-02-25,1.81,4.8,0.0,0.0,0.0,7.95,13.65
M009,2026-02-25,1.61,4.31,1.33,1.25,0.0,8.46,15.12
M010,2026-02-25,2.98,9.78,0.0,0.0,0.0,19.42,20.81
M011,2026-02-25,1.49,6.42,0.0,0.0,0.0,12.1,13.45
M012,2026-02-25,1.17,5.3,0.57,1.61,0.0,10.78,11.59
M013,2026-02-25,2.38,6.1,0.0,0.0,0.0,16.61,17.05
M014,2026-02-25,1.66,5.03,0.68,1.15,0.0,10.17,10.36
M015,2026-02-25,4.25,12.47,0.0,0.0,0.0,21.11,26.93
M001,2026-02-26,2.07,7.93,0.0,0.0,0.0,14.69,20.38
M002,2026-02-26,1.48,5.21,0.98,1.08,0.0,9.53,16.41
M003,2026-02-26,1.73,6.11,0.0,0.0,3.9,10.75,16.08
M004,2026-02-26,1.23,4.15,0.0,0.0,3.62,9.37,11.79
M005,2026-02-26,1.97,5.79,0.54,0.0,0.0,10.28,14.05
M006,2026-02-26,2.08,8.79,0.0,0.0,0.0,14.33,19.24
M007,2026-02-26,1.58,5.05,0.93,1.14,5.46,12.77,14.98
M008,2026-02-26,1.56,3.72,0.0,0.0,0.0,7.97,12.32
M009,2026-02-26,2.06,6.15,0.0,0.0,4.69,9.2,14.26
M010,2026-02-26,2.25,10.37,0.75,1.47,0.0,15.3,26.21
M011,2026-02-26,1.59,5.26,0.86,1.22,0.0,11.5,12.64
M012,2026-02-26,1.64,5.43,0.0,0.0,0.0,11.51,11.97
M013,2026-02-26,1.99,6.73,0.0,0.0,0.0,12.36,13.36
M014,2026-02-26,1.07,3.69,1.19,1.16,0.0,8.8,11.41
M015,2026-02-26,2.48,9.83,0.0,0.0,3.16,17.57,21.48
M001,2026-02-27,2.42,7.59,0.0,0.0,0.0,15.49,21.75
M002,2026-02-27,2.51,5.97,0.94,0.0,0.0,10.9,18.57
M003,2026-02-27,1.66,5.02,1.01,1.68,0.0,8.48,12.97
M004,2026-02-27,1.98,5.08,0.0,0.0,4.6,10.05,12.03
M005,2026-02-27,1.97,4.84,0.52,1.27,0.0,9.67,13.74
M006,2026-02-27,1.96,7.2,0.0,0.0,0.0,11.73,19.01
M007,2026-02-27,1.46,5.73,0.0,0.0,0.0,12.06,16.17
M008,2026-02-27,1.74,4.62,0.74,1.47,4.89,8.65,11.81
M009,2026-02-27,2.33,5.19,0.8,1.61,0.0,10.94,17.17
M010,2026-02-27,2.26,7.37,1.21,1.43,0.0,16.09,17.45
M011,2026-02-27,1.78,5.3,0.58,1.08,0.0,13.05,14.0
M012,2026-02-27,1.97,5.56,1.09,0.0,0.0,12.39,16.21
M013,2026-02-27,1.77,6.53,0.91,1.14,0.0,12.29,18.6
M014,2026-02-27,1.6,4.26,1.17,1.75,0.0,9.12,12.77
M015,2026-02-27,3.15,10.58,0.97,1.12,0.0,19.29,27.57
M001,2026-02-28,2.02,6.14,0.56,0.0,0.0,8.94,21.13
M002,2026-02-28,1.82,6.96,0.0,0.0,0.0,12.59,17.81
M003,2026-02-28,1.9,4.92,0.89,1.03,0.0,9.83,12.84
M004,2026-02-28,1.67,4.73,0.0,0.0,7.82,7.81,12.39
M005,2026-02-28,1.97,4.25,1.28,1.33,0.0,8.49,14.67
M006,2026-02-28,2.45,6.62,0.0,0.0,0.0,9.95,17.67
M007,2026-02-28,2.02,7.08,1.34,0.0,4.19,13.01,15.42
M008,2026-02-28,1.45,5.24,0.0,0.0,0.0,10.28,12.76
M009,2026-02-28,1.47,5.1,0.9,0.0,0.0,10.86,15.77
M010,2026-02-28,2.99,6.87,0.0,0.0,0.0,11.54,22.15
M011,2026-02-28,2.3,5.42,1.24,0.0,6.03,9.55,16.53
M012,2026-02-28,2.42,6.47,0.72,1.25,4.81,10.27,17.04
M013,2026-02-28,2.25,6.62,0.0,0.0,4.96,9.39,16.92
M014,2026-02-28,0.93,4.39,0.0,0.0,0.0,6.63,11.03
M015,2026-02-28,3.71,12.45,0.87,0.0,7.12,18.34,30.78
M001,2026-03-01,4.25,5.1,1.29,1.66,0.0,11.06,21.0
M002,2026-03-01,4.06,4.31,0.91,0.0,0.0,9.48,17.86
M003,2026-03-01,4.3,3.13,0.0,0.0,0.0,10.63,15.5
M004,2026-03-01,2.09,2.65,1.25,1.68,0.0,6.4,12.39
M005,2026-03-01,3.62,4.01,0.0,0.0,0.0,8.93,17.25
M006,2026-03-01,4.12,4.85,0.0,0.0,7.72,12.13,23.76
M007,2026-03-01,3.94,3.63,1.06,1.78,0.0,8.22,13.94
M008,2026-03-01,2.41,2.49,0.0,0.0,0.0,7.79,10.49
M009,2026-03-01,3.43,4.84,0.0,0.0,5.27,12.1,19.7
M010,2026-03-01,4.81,3.73,1.2,0.0,0.0,14.23,16.2
M011,2026-03-01,3.84,4.34,0.0,0.0,0.0,11.13,14.76
M012,2026-03-01,2.75,3.2,0.0,0.0,0.0,9.03,15.92
M013,2026-03-01,4.51,3.99,0.0,0.0,0.0,13.2,15.82
M014,2026-03-01,3.22,3.15,1.16,0.0,0.0,10.36,10.35
M015,2026-03-01,4.73,6.54,1.35,1.48,0.0,20.38,19.77
M001,2026-03-02,4.43,3.81,0.0,0.0,0.0,8.14,21.39
M002,2026-03-02,4.33,3.73,0.0,0.0,7.39,12.48,17.02
M003,2026-03-02,3.32,2.8,0.0,0.0,0.0,10.14,13.18
M004,2026-03-02,4.22,3.86,0.75,1.49,0.0,10.53,14.55
M005,2026-03-02,4.52,3.39,1.19,0.0,6.29,9.02,17.1
M006,2026-03-02,3.0,3.4,0.0,0.0,0.0,9.91,17.28
M007,2026-03-02,4.37,3.94,0.0,0.0,0.0,8.89,15.15
M008,2026-03-02,2.88,3.29,0.61,0.0,3.9,9.42,11.22
M009,2026-03-02,3.32,4.45,1.03,1.42,0.0,11.52,15.96
M010,2026-03-02,4.86,4.48,0.52,1.54,0.0,11.92,17.99
M011,2026-03-02,4.49,3.22,0.0,0.0,0.0,10.5,16.18
M012,2026-03-02,4.52,3.69,0.0,0.0,6.28,9.02,16.35
M013,2026-03-02,4.55,4.37,1.01,0.0,0.0,11.61,16.92
M014,2026-03-02,1.86,2.1,0.84,1.14,7.33,8.99,9.14
M015,2026-03-02,5.38,7.49,0.0,0.0,0.0,20.05,28.09
M001,2026-03-03,3.89,3.81,0.78,1.11,0.0,8.28,19.69
M002,2026-03-03,4.04,4.69,0.0,0.0,0.0,11.01,18.0
M003,2026-03-03,4.53,3.99,0.0,0.0,0.0,12.21,15.05
M004,2026-03-03,2.86,2.6,0.64,1.5,0.0,8.68,12.18
M005,2026-03-03,4.77,3.8,0.0,0.0,0.0,9.02,18.35
M006,2026-03-03,5.16,4.68,0.0,0.0,0.0,16.87,19.51
M007,2026-03-03,2.82,2.48,1.01,0.0,0.0,9.8,11.33
M008,2026-03-03,2.24,3.1,0.0,0.0,0.0,8.78,12.0
M009,2026-03-03,4.0,3.0,0.91,1.5,0.0,7.83,15.45
M010,2026-03-03,4.55,4.89,1.04,1.09,0.0,19.44,20.56
M011,2026-03-03,2.22,2.74,1.28,1.48,0.0,7.91,11.87
M012,2026-03-03,3.87,4.52,0.86,0.0,0.0,14.98,15.22
M013,2026-03-03,2.6,4.36,0.69,1.52,0.0,10.73,15.47
M014,2026-03-03,2.44,2.75,0.0,0.0,0.0,10.81,10.57
M015,2026-03-03,4.16,5.69,0.92,1.47,0.0,16.13,21.45
M001,2026-03-04,3.71,4.08,1.14,1.68,0.0,12.03,24.26
M002,2026-03-04,3.6,4.1,0.0,0.0,0.0,10.34,19.1
M003,2026-03-04,4.43,3.7,0.98,1.25,0.0,8.5,18.07
M004,2026-03-04,2.96,3.0,0.81,1.02,0.0,9.24,12.22
M005,2026-03-04,3.11,3.29,0.81,1.67,0.0,11.77,14.66
M006,2026-03-04,4.73,4.97,1.11,1.64,0.0,10.31,19.68
M007,2026-03-04,3.13,3.95,0.62,0.0,0.0,11.83,13.85
M008,2026-03-04,3.65,2.6,0.0,0.0,0.0,9.63,10.49
M009,2026-03-04,3.99,3.77,1.31,0.0,0.0,12.99,18.16
M010,2026-03-04,3.98,4.58,0.0,0.0,0.0,15.95,20.82
M011,2026-03-04,3.3,2.44,0.0,0.0,0.0,7.97,11.23
M012,2026-03-04,4.31,4.49,0.0,0.0,0.0,10.18,17.19
M013,2026-03-04,2.8,3.83,1.35,1.03,0.0,10.71,15.48
M014,2026-03-04,3.83,2.65,0.0,0.0,0.0,9.5,12.44
M015,2026-03-04,4.92,6.86,0.0,0.0,0.0,17.93,28.37
M001,2026-03-05,4.21,4.91,0.0,0.0,0.0,11.72,19.97
M002,2026-03-05,3.04,3.84,0.82,1.12,0.0,10.99,17.94
M003,2026-03-05,3.72,3.04,0.0,0.0,0.0,7.34,15.18
M004,2026-03-05,3.14,2.78,0.0,0.0,0.0,8.28,16.19
M005,2026-03-05,3.41,4.21,0.65,0.0,0.0,11.88,20.59
M006,2026-03-05,5.92,3.92,1.14,1.42,0.0,13.97,20.08
M007,2026-03-05,3.79,3.38,1.32,0.0,0.0,10.4,15.8
M008,2026-03-05,3.75,3.27,0.0,0.0,0.0,8.68,15.21
M009,2026-03-05,4.52,4.67,0.86,0.0,0.0,13.75,15.14
M010,2026-03-05,5.27,5.09,0.0,0.0,4.42,15.7,17.48
M011,2026-03-05,3.32,3.61,0.0,0.0,0.0,8.72,14.66
M012,2026-03-05,3.15,4.14,1.39,0.0,0.0,11.79,14.87
M013,2026-03-05,4.07,3.65,0.61,0.0,0.0,13.87,17.97
M014,2026-03-05,3.77,3.8,1.3,1.43,0.0,10.38,12.35
M015,2026-03-05,6.46,5.99,1.14,1.2,0.0,16.83,22.58
M001,2026-03-06,4.64,4.25,1.25,0.0,0.0,10.41,25.76
M002,2026-03-06,3.88,3.8,0.0,0.0,0.0,10.45,18.18
M003,2026-03-06,2.88,3.36,0.0,0.0,0.0,7.55,16.46
M004,2026-03-06,3.96,3.49,0.0,0.0,0.0,7.78,14.26
M005,2026-03-06,3.81,3.89,0.0,0.0,0.0,9.56,14.7
M006,2026-03-06,6.26,4.68,1.04,1.1,0.0,16.39,18.89
M007,2026-03-06,2.78,3.61,0.0,0.0,0.0,7.69,13.84
M008,2026-03-06,2.67,2.07,1.3,0.0,0.0,7.38,10.7
M009,2026-03-06,3.01,3.8,0.0,0.0,0.0,9.39,14.28
M010,2026-03-06,6.6,5.59,1.05,1.4,0.0,16.93,23.43
M011,2026-03-06,3.85,2.93,1.1,1.19,0.0,9.27,13.26
M012,2026-03-06,5.19,4.6,1.28,1.46,0.0,11.78,18.27
M013,2026-03-06,3.37,4.46,0.0,0.0,0.0,12.98,18.14
M014,2026-03-06,2.37,1.99,0.0,0.0,3.6,5.99,10.25
M015,2026-03-06,3.76,5.9,0.0,0.0,0.0,14.41,23.38
M001,2026-03-07,5.26,4.63,0.0,0.0,0.0,9.26,22.49
M002,2026-03-07,3.22,3.23,0.79,0.0,0.0,10.24,13.68
M003,2026-03-07,2.42,2.78,0.0,0.0,0.0,8.64,13.34
M004,2026-03-07,2.92,2.54,0.0,0.0,0.0,7.82,11.67
M005,2026-03-07,3.47,3.41,0.0,0.0,0.0,11.7,14.49
M006,2026-03-07,4.66,4.19,0.0,0.0,0.0,11.94,16.99
M007,2026-03-07,2.18,2.92,0.0,0.0,0.0,8.79,12.4
M008,2026-03-07,3.23,2.38,1.11,0.0,0.0,6.82,11.94
M009,2026-03-07,3.36,2.97,0.68,1.3,6.91,10.21,15.25
M010,2026-03-07,5.99,4.71,0.0,0.0,0.0,12.44,21.87
M011,2026-03-07,3.81,2.38,0.93,1.67,0.0,9.33,11.88
M012,2026-03-07,3.98,3.8,0.0,0.0,0.0,11.18,15.85
M013,2026-03-07,3.71,3.36,0.0,0.0,0.0,13.04,15.22
M014,2026-03-07,2.82,3.13,0.0,0.0,0.0,8.64,10.25
M015,2026-03-07,6.3,5.36,0.0,0.0,4.71,17.4,21.65
M001,2026-03-08,3.33,5.06,0.5,1.72,0.0,12.05,21.51
M002,2026-03-08,5.18,5.1,0.0,0.0,0.0,11.4,21.59
M003,2026-03-08,2.13,3.36,1.11,1.65,0.0,8.47,12.69
M004,2026-03-08,3.18,2.95,0.0,0.0,0.0,6.24,13.31
M005,2026-03-08,3.2,3.1,0.0,0.0,4.79,12.39,15.05
M006,2026-03-08,4.16,5.13,0.0,0.0,0.0,14.03,19.69
M007,2026-03-08,3.94,3.44,0.0,0.0,0.0,8.0,14.66
M008,2026-03-08,3.42,2.87,0.0,0.0,0.0,7.64,12.33
M009,2026-03-08,4.36,4.03,0.0,0.0,0.0,13.23,14.81
M010,2026-03-08,4.7,4.02,0.0,0.0,0.0,14.77,17.46
M011,2026-03-08,4.43,3.68,0.0,0.0,0.0,9.98,14.44
M012,2026-03-08,4.48,3.75,0.55,1.35,4.37,10.05,15.32
M013,2026-03-08,3.86,4.65,0.7,0.0,0.0,13.12,16.96
M014,2026-03-08,1.82,1.85,0.52,1.78,0.0,7.92,7.99
M015,2026-03-08,4.35,5.03,0.59,1.65,0.0,16.35,22.52
M001,2026-03-09,3.63,3.6,0.0,0.0,0.0,12.58,17.89
M002,2026-03-09,4.47,4.48,1.06,1.5,0.0,11.68,15.47
M003,2026-03-09,2.12,2.72,0.56,0.0,5.21,8.59,12.42
M004,2026-03-09,2.39,3.47,0.77,1.08,0.0,9.82,13.3
M005,2026-03-09,4.45,3.27,0.0,0.0,0.0,9.66,19.34
M006,2026-03-09,4.28,5.56,0.91,0.0,0.0,15.38,18.41
M007,2026-03-09,2.64,3.97,0.0,0.0,0.0,9.68,15.76
M008,2026-03-09,2.52,2.89,0.0,0.0,0.0,6.85,12.08
M009,2026-03-09,2.86,3.15,1.18,0.0,6.88,10.59,12.47
M010,2026-03-09,4.17,4.36,0.0,0.0,0.0,12.66,20.19
M011,2026-03-09,2.71,3.06,0.88,0.0,0.0,6.87,12.42
M012,2026-03-09,3.6,4.25,1.38,1.26,0.0,10.06,18.39
M013,2026-03-09,4.22,3.84,0.0,0.0,0.0,15.77,15.95
M014,2026-03-09,1.71,2.17,0.0,0.0,0.0,8.23,9.17
M015,2026-03-09,8.25,6.05,0.68,0.0,4.81,23.32,23.01
M001,2026-03-10,2.9,3.45,0.0,0.0,0.0,8.24,18.68
M002,2026-03-10,2.43,2.97,0.0,0.0,6.59,9.46,14.68
M003,2026-03-10,2.88,2.88,1.32,0.0,0.0,10.11,15.34
M004,2026-03-10,2.62,4.01,0.0,0.0,0.0,8.25,16.16
M005,2026-03-10,5.24,4.94,1.29,1.05,0.0,9.67,19.95
M006,2026-03-10,4.09,4.77,0.0,0.0,0.0,11.61,24.23
M007,2026-03-10,2.28,3.27,0.0,0.0,0.0,7.99,14.35
M008,2026-03-10,1.99,3.05,1.27,1.71,0.0,9.13,10.33
M009,2026-03-10,4.17,3.13,0.0,0.0,0.0,10.43,16.67
M010,2026-03-10,4.95,4.89,0.0,0.0,0.0,13.55,21.85
M011,2026-03-10,3.45,3.14,0.0,0.0,5.92,12.04,12.69
M012,2026-03-10,2.67,3.72,0.0,0.0,0.0,8.46,14.73
M013,2026-03-10,5.51,4.15,0.62,0.0,0.0,14.08,17.15
M014,2026-03-10,2.73,2.93,0.0,0.0,0.0,8.93,11.02
M015,2026-03-10,5.91,6.32,0.0,0.0,0.0,19.8,27.6
M001,2026-03-11,3.23,4.9,0.0,0.0,0.0,9.32,21.44
M002,2026-03-11,3.54,3.86,0.0,0.0,0.0,13.78,19.54
M003,2026-03-11,2.89,3.69,0.75,1.8,6.76,8.04,15.39
M004,2026-03-11,2.51,3.27,1.2,1.32,0.0,9.17,16.23
M005,2026-03-11,3.91,4.29,0.0,0.0,0.0,11.95,15.77
M006,2026-03-11,4.87,4.97,1.18,1.37,0.0,14.96,20.35
M007,2026-03-11,3.55,3.3,0.0,0.0,0.0,8.57,13.27
M008,2026-03-11,2.9,2.36,0.51,1.67,0.0,8.29,11.52
M009,2026-03-11,3.85,4.55,0.0,0.0,0.0,13.97,15.25
M010,2026-03-11,6.83,4.69,0.8,1.48,0.0,13.89,25.01
M011,2026-03-11,3.1,3.6,0.0,0.0,0.0,12.82,14.1
M012,2026-03-11,3.6,4.29,0.0,0.0,0.0,10.98,15.47
M013,2026-03-11,3.95,3.53,0.0,0.0,0.0,9.09,16.23
M014,2026-03-11,2.1,2.66,0.0,0.0,0.0,7.7,10.15
M015,2026-03-11,6.41,5.09,0.0,0.0,0.0,16.35,21.32
M001,2026-03-12,3.34,5.32,0.62,0.0,0.0,10.11,22.04
M002,2026-03-12,4.26,4.71,0.95,1.22,0.0,12.07,16.55
M003,2026-03-12,2.77,3.31,0.0,0.0,7.4,8.1,12.94
M004,2026-03-12,3.64,2.91,0.91,1.57,0.0,8.35,14.38
M005,2026-03-12,3.51,3.92,1.16,1.73,0.0,11.82,19.3
M006,2026-03-12,5.53,3.91,0.75,1.23,6.49,11.28,19.88
M007,2026-03-12,3.08,3.7,1.4,0.0,0.0,7.98,14.12
M008,2026-03-12,2.64,2.45,0.0,0.0,0.0,9.15,10.3
M009,2026-03-12,4.72,3.91,1.27,1.01,0.0,10.08,19.23
M010,2026-03-12,5.32,4.6,0.0,0.0,0.0,14.91,18.17
M011,2026-03-12,2.93,4.21,0.65,0.0,0.0,11.96,14.71
M012,2026-03-12,3.42,3.04,1.11,0.0,0.0,12.16,13.96
M013,2026-03-12,3.92,3.15,1.25,1.51,0.0,9.35,16.0
M014,2026-03-12,2.3,2.14,0.0,0.0,0.0,7.33,11.27
M015,2026-03-12,6.38,6.18,0.0,0.0,0.0,18.05,31.26
M001,2026-03-13,3.48,4.56,0.0,0.0,6.98,9.04,21.46
M002,2026-03-13,2.85,3.44,0.0,0.0,0.0,9.12,16.31
M003,2026-03-13,2.56,3.16,0.61,0.0,0.0,9.49,12.68
M004,2026-03-13,2.66,2.86,0.0,0.0,0.0,7.2,14.14
M005,2026-03-13,3.81,3.42,0.0,0.0,0.0,11.07,18.44
M006,2026-03-13,4.05,5.4,1.27,0.0,6.0,12.29,25.74
M007,2026-03-13,4.08,4.38,0.8,1.71,0.0,9.17,17.17
M008,2026-03-13,2.6,3.01,0.84,1.19,0.0,6.87,13.75
M009,2026-03-13,3.71,4.01,0.0,0.0,0.0,9.11,15.64
M010,2026-03-13,3.79,4.89,0.0,0.0,0.0,16.79,20.01
M011,2026-03-13,3.36,2.78,1.17,0.0,0.0,7.57,11.56
M012,2026-03-13,4.0,4.71,0.76,0.0,0.0,12.65,15.57
M013,2026-03-13,3.96,4.5,0.72,1.58,0.0,12.33,15.29
M014,2026-03-13,2.45,2.04,0.56,0.0,0.0,8.84,9.28
M015,2026-03-13,4.03,5.54,1.34,0.0,0.0,15.49,22.68
M001,2026-03-14,4.79,3.8,0.0,0.0,0.0,11.42,18.78
M002,2026-03-14,4.29,3.61,0.57,1.32,0.0,10.68,17.66
M003,2026-03-14,3.99,3.87,1.21,0.0,0.0,8.15,16.86
M004,2026-03-14,4.24,3.51,0.0,0.0,0.0,10.18,14.0
M005,2026-03-14,3.76,3.68,0.56,0.0,0.0,12.21,15.42
M006,2026-03-14,2.85,4.03,0.94,1.75,4.87,11.43,17.35
M007,2026-03-14,3.81,3.49,0.0,0.0,4.92,10.11,15.74
M008,2026-03-14,2.49,2.33,1.15,1.39,0.0,6.96,11.51
M009,2026-03-14,5.08,4.42,0.0,0.0,0.0,10.38,18.5
M010,2026-03-14,5.72,5.58,0.74,1.54,0.0,14.65,22.29
M011,2026-03-14,4.5,3.01,1.08,1.32,0.0,9.53,17.15
M012,2026-03-14,2.96,3.52,0.73,0.0,6.29,11.44,14.53
M013,2026-03-14,3.76,4.57,0.58,1.62,0.0,13.67,14.68
M014,2026-03-14,3.71,2.83,0.0,0.0,7.08,10.73,10.36
M015,2026-03-14,5.65,5.1,1.16,0.0,0.0,14.76,21.34
M001,2026-03-15,3.27,4.77,0.0,0.0,0.0,11.35,17.53
M002,2026-03-15,2.75,3.75,0.0,0.0,5.04,8.48,15.81
M003,2026-03-15,4.46,3.16,0.0,0.0,0.0,10.76,15.32
M004,2026-03-15,3.07,2.89,0.59,0.0,0.0,9.56,11.3
M005,2026-03-15,5.22,3.39,0.0,0.0,0.0,10.8,18.03
M006,2026-03-15,6.17,6.25,0.0,0.0,0.0,15.46,22.62
M007,2026-03-15,4.05,3.94,1.35,1.3,0.0,9.91,13.55
M008,2026-03-15,2.07,2.68,1.15,1.11,0.0,6.84,12.64
M009,2026-03-15,3.95,3.98,0.0,0.0,0.0,9.65,15.57
M010,2026-03-15,4.64,4.28,1.36,1.01,0.0,16.79,18.18
M011,2026-03-15,3.2,3.49,0.86,1.07,0.0,8.99,16.5
M012,2026-03-15,5.39,4.77,1.16,0.0,0.0,14.2,15.6
M013,2026-03-15,4.48,4.91,0.0,0.0,0.0,11.78,18.89
M014,2026-03-15,2.78,2.57,0.65,1.09,0.0,8.5,9.48
M015,2026-03-15,6.18,5.7,0.0,0.0,0.0,15.59,22.7
M001,2026-03-16,5.01,4.62,0.7,0.0,0.0,8.14,20.3
M002,2026-03-16,2.73,3.54,0.58,1.7,6.83,8.81,16.15
M003,2026-03-16,3.4,3.99,0.84,1.45,7.04,11.04,15.21
M004,2026-03-16,2.01,2.23,1.34,1.09,0.0,6.32,12.74
M005,2026-03-16,4.77,3.65,0.0,0.0,0.0,11.01,21.57
M006,2026-03-16,4.74,5.03,1.22,1.48,0.0,15.63,22.37
M007,2026-03-16,3.41,3.0,1.25,1.36,0.0,11.33,13.61
M008,2026-03-16,3.64,3.33,0.78,1.1,6.53,9.01,12.98
M009,2026-03-16,4.28,4.64,0.0,0.0,4.67,10.94,19.69
M010,2026-03-16,5.04,4.97,0.55,1.14,0.0,13.53,18.07
M011,2026-03-16,4.13,4.3,0.99,0.0,0.0,9.27,17.68
M012,2026-03-16,3.69,3.99,0.0,0.0,0.0,13.21,14.98
M013,2026-03-16,4.5,4.1,1.02,1.68,0.0,14.94,19.42
M014,2026-03-16,1.86,2.57,0.0,0.0,0.0,8.11,8.91
M015,2026-03-16,7.44,5.24,1.02,1.79,0.0,17.31,29.23
